pos,seq,Tm_Wallace,Tm_GC,Tm_NN
1,GAGGTGGAGCTAGCCCGAGGCGAATTGTGATCC,106.0,66.32155893208183,67.54556026539319
2,GTGGAGCTAGCCCGAGGCGAATTGTGATCCACC,106.0,66.32155893208183,67.8680449438072
3,GAGCTAGCCCGAGGCGAATTGTGATCCACCGGG,108.0,67.56398317450608,69.16392901097709
4,CTAGCCCGAGGCGAATTGTGATCCACCGGGGCT,108.0,67.56398317450608,70.12908830533422
5,GCCCGAGGCGAATTGTGATCCACCGGGGCTCCA,110.0,68.80640741693031,71.90977333789226
6,CGAGGCGAATTGTGATCCACCGGGGCTCCACGG,110.0,68.80640741693031,70.88484665247029
7,GGCGAATTGTGATCCACCGGGGCTCCACGGGCC,112.0,70.04883165935456,72.58547742813516
8,GAATTGTGATCCACCGGGGCTCCACGGGCCTGG,110.0,68.80640741693031,70.82155709456913
9,TTGTGATCCACCGGGGCTCCACGGGCCTGGGCT,112.0,70.04883165935456,74.06664505160882
10,TGATCCACCGGGGCTCCACGGGCCTGGGCTTCA,112.0,70.04883165935456,73.89540887147075
11,TCCACCGGGGCTCCACGGGCCTGGGCTTCAACA,112.0,70.04883165935456,74.16476970090537
12,ACCGGGGCTCCACGGGCCTGGGCTTCAACATCG,112.0,70.04883165935456,73.34934241701643
13,GGGGCTCCACGGGCCTGGGCTTCAACATCGTGG,112.0,70.04883165935456,72.40987360183698
14,GCTCCACGGGCCTGGGCTTCAACATCGTGGGTG,110.0,68.80640741693031,71.22183244876601
15,CCACGGGCCTGGGCTTCAACATCGTGGGTGGCG,112.0,70.04883165935456,72.81707553346979
16,CGGGCCTGGGCTTCAACATCGTGGGTGGCGAGG,112.0,70.04883165935456,72.50835878332896
17,GCCTGGGCTTCAACATCGTGGGTGGCGAGGACG,110.0,68.80640741693031,71.1690674665465
18,TGGGCTTCAACATCGTGGGTGGCGAGGACGGTG,108.0,67.56398317450608,70.6319525558643
19,GCTTCAACATCGTGGGTGGCGAGGACGGTGAAG,106.0,66.32155893208183,68.40233028209445
20,TCAACATCGTGGGTGGCGAGGACGGTGAAGGCA,106.0,66.32155893208183,70.09461810136571
21,ACATCGTGGGTGGCGAGGACGGTGAAGGCATCT,106.0,66.32155893208183,69.83848070387654
22,TCGTGGGTGGCGAGGACGGTGAAGGCATCTTCA,106.0,66.32155893208183,69.77570976873113
23,TGGGTGGCGAGGACGGTGAAGGCATCTTCATCT,104.0,65.0791346896576,68.23070629096651
24,GTGGCGAGGACGGTGAAGGCATCTTCATCTCCT,104.0,65.0791346896576,67.12262394993166
25,GCGAGGACGGTGAAGGCATCTTCATCTCCTTTA,100.0,62.59428620480911,64.37125205380181
26,AGGACGGTGAAGGCATCTTCATCTCCTTTATCC,98.0,61.35186196238486,62.5614528279018
27,ACGGTGAAGGCATCTTCATCTCCTTTATCCTGG,98.0,61.35186196238486,62.733889240306325
28,GTGAAGGCATCTTCATCTCCTTTATCCTGGCCG,100.0,62.59428620480911,63.52156317329508
29,AAGGCATCTTCATCTCCTTTATCCTGGCCGGGG,102.0,63.836710447233344,65.60078270139024
30,GCATCTTCATCTCCTTTATCCTGGCCGGGGGCC,106.0,66.32155893208183,67.66910423442852
31,TCTTCATCTCCTTTATCCTGGCCGGGGGCCCTG,106.0,66.32155893208183,68.03964506271006
32,TCATCTCCTTTATCCTGGCCGGGGGCCCTGCAG,108.0,67.56398317450608,69.72085333921603
33,TCTCCTTTATCCTGGCCGGGGGCCCTGCAGACC,110.0,68.80640741693031,71.00309893241263
34,CCTTTATCCTGGCCGGGGGCCCTGCAGACCTCA,110.0,68.80640741693031,71.17134482440031
35,TTATCCTGGCCGGGGGCCCTGCAGACCTCAGTG,110.0,68.80640741693031,71.12816066474846
36,TCCTGGCCGGGGGCCCTGCAGACCTCAGTGGGG,116.0,72.53368014420305,75.27230247884438
37,TGGCCGGGGGCCCTGCAGACCTCAGTGGGGAGC,116.0,72.53368014420305,75.57624252746047
38,CCGGGGGCCCTGCAGACCTCAGTGGGGAGCTGC,116.0,72.53368014420305,74.55269038022448
39,GGGGCCCTGCAGACCTCAGTGGGGAGCTGCGGA,114.0,71.2912559017788,74.03046261793673
40,GCCCTGCAGACCTCAGTGGGGAGCTGCGGAAGG,112.0,70.04883165935456,71.87443455966951
41,CTGCAGACCTCAGTGGGGAGCTGCGGAAGGGGG,112.0,70.04883165935456,71.5543278817131
42,CAGACCTCAGTGGGGAGCTGCGGAAGGGGGACC,112.0,70.04883165935456,71.21754653561561
43,ACCTCAGTGGGGAGCTGCGGAAGGGGGACCAGA,110.0,68.80640741693031,71.68386271034541
44,TCAGTGGGGAGCTGCGGAAGGGGGACCAGATCC,110.0,68.80640741693031,70.76008979362382
45,GTGGGGAGCTGCGGAAGGGGGACCAGATCCTGT,110.0,68.80640741693031,70.93235149457439
46,GGGAGCTGCGGAAGGGGGACCAGATCCTGTCGG,112.0,70.04883165935456,71.25097759520122
47,AGCTGCGGAAGGGGGACCAGATCCTGTCGGTCA,108.0,67.56398317450608,70.50193973795797
48,TGCGGAAGGGGGACCAGATCCTGTCGGTCAACG,108.0,67.56398317450608,69.82356421600838
49,GGAAGGGGGACCAGATCCTGTCGGTCAACGGTG,108.0,67.56398317450608,68.5620147969845
50,AGGGGGACCAGATCCTGTCGGTCAACGGTGTGG,108.0,67.56398317450608,69.49754477889076
51,GGGACCAGATCCTGTCGGTCAACGGTGTGGACC,108.0,67.56398317450608,68.68589131478637
52,ACCAGATCCTGTCGGTCAACGGTGTGGACCTCC,106.0,66.32155893208183,68.14593497225428
53,AGATCCTGTCGGTCAACGGTGTGGACCTCCGAA,104.0,65.0791346896576,67.7607456679197
54,TCCTGTCGGTCAACGGTGTGGACCTCCGAAATG,104.0,65.0791346896576,67.3359927037676
55,TGTCGGTCAACGGTGTGGACCTCCGAAATGCCA,104.0,65.0791346896576,68.77701781485467
56,CGGTCAACGGTGTGGACCTCCGAAATGCCAGCC,108.0,67.56398317450608,69.87223488896035
57,TCAACGGTGTGGACCTCCGAAATGCCAGCCATG,104.0,65.0791346896576,68.12229791748837
58,ACGGTGTGGACCTCCGAAATGCCAGCCATGAGC,106.0,66.32155893208183,69.44210303168387
59,GTGTGGACCTCCGAAATGCCAGCCATGAGCAGG,106.0,66.32155893208183,68.36315183252538
60,TGGACCTCCGAAATGCCAGCCATGAGCAGGCTG,106.0,66.32155893208183,69.33332700426507
61,ACCTCCGAAATGCCAGCCATGAGCAGGCTGCCA,106.0,66.32155893208183,70.64469744223612
62,TCCGAAATGCCAGCCATGAGCAGGCTGCCATTG,104.0,65.0791346896576,68.77039741076948
63,GAAATGCCAGCCATGAGCAGGCTGCCATTGCCC,106.0,66.32155893208183,69.51920107562478
64,ATGCCAGCCATGAGCAGGCTGCCATTGCCCTGA,106.0,66.32155893208183,70.91412712967536
65,CCAGCCATGAGCAGGCTGCCATTGCCCTGAAGA,106.0,66.32155893208183,69.55019099268236
66,GCCATGAGCAGGCTGCCATTGCCCTGAAGAATG,104.0,65.0791346896576,67.69367483557318
67,ATGAGCAGGCTGCCATTGCCCTGAAGAATGCGG,104.0,65.0791346896576,68.61761168696057
68,AGCAGGCTGCCATTGCCCTGAAGAATGCGGGTC,106.0,66.32155893208183,69.87146797639957
69,AGGCTGCCATTGCCCTGAAGAATGCGGGTCAGA,104.0,65.0791346896576,68.98711893564484
70,CTGCCATTGCCCTGAAGAATGCGGGTCAGACGG,106.0,66.32155893208183,68.5306090114035
71,CCATTGCCCTGAAGAATGCGGGTCAGACGGTCA,104.0,65.0791346896576,67.79873405269313
72,TTGCCCTGAAGAATGCGGGTCAGACGGTCACGA,104.0,65.0791346896576,68.63548934292811
73,CCCTGAAGAATGCGGGTCAGACGGTCACGATCA,104.0,65.0791346896576,67.24072089192566
74,TGAAGAATGCGGGTCAGACGGTCACGATCATCG,102.0,63.836710447233344,66.14950778447155
75,AGAATGCGGGTCAGACGGTCACGATCATCGCTC,104.0,65.0791346896576,67.45072409852196
76,ATGCGGGTCAGACGGTCACGATCATCGCTCAGT,104.0,65.0791346896576,68.35664524170136
77,CGGGTCAGACGGTCACGATCATCGCTCAGTATA,102.0,63.836710447233344,65.15931015758235
78,GTCAGACGGTCACGATCATCGCTCAGTATAAAC,98.0,61.35186196238486,62.05554789793183
79,AGACGGTCACGATCATCGCTCAGTATAAACCAT,96.0,60.10943771996061,62.39962199577536
80,CGGTCACGATCATCGCTCAGTATAAACCATAAA,94.0,58.867013477536375,60.423134365638134
81,TCACGATCATCGCTCAGTATAAACCATAAAAGC,92.0,57.62458923511214,59.315073884769504
82,CGATCATCGCTCAGTATAAACCATAAAAGCTTC,92.0,57.62458923511214,58.47320932124626
83,TCATCGCTCAGTATAAACCATAAAAGCTTCGCA,92.0,57.62458923511214,60.5107987022281
