pos,aa,efi,ebi,f_med,f_upper,f_lower,b_med,b_upper,b_lower
0, ,-12.591585106666495,-0.002333624002425789,-12.603323001025974,-12.14340762280146,-13.279446751551857,7.943088871595864e-5,0.027753244179802752,-0.025089646106426316
1,A,-11.327841455801847,0.18320853912912055,-11.327851658873778,-11.3270508747097,-11.329147041341498,0.1831727702692363,0.21013599122557627,0.1580687665258046
1,I,0.06344905226553134,0.1286867967587076,0.03323699674536021,0.41889647013274883,-0.3667476751989789,0.12775615586416472,0.14573095726713622,0.1112353954123256
1,K,-8.499185295442928,-0.07463963772087782,-8.499185290097294,-8.499184942260005,-8.499185350468244,-0.08445695163902124,-0.001773216925068189,-0.15192260971352708
1,L,-0.621313595720144,0.3118439564979953,-0.6213135629825745,-0.6213128758808755,-0.6213144473742983,0.3292267563383794,0.7099610539645047,-0.1520966954180572
1,M,-0.9432793081925728,0.18841733605755348,-0.9432792250934315,-0.9432788001559163,-0.9432797836464007,0.25089728038013304,0.5721532372299332,-0.16854855727511467
1,P,-10.179943148078568,-0.15134197509107175,-10.179943138106124,-10.179942966762033,-10.179943152587136,-0.15725622926509197,-0.11470102006606817,-0.2025429726792663
1,R,-8.787260989748987,0.7556803854172162,-8.787305635999378,-8.787107630038268,-8.787810289595196,0.7607493750875249,0.8073242144974797,0.7099682270511432
1,S,0.0033749672432372957,-0.012179521565611182,0.013414217310897463,0.36232260968083274,-0.3364892825954382,-0.012712237070512212,0.007879965758909042,-0.032484667833384225
2,C,-9.937696822398784,-0.30168097777762143,-9.9376868003521,-9.937533942966843,-9.937856518333966,-0.2972164764103823,-0.23823062725552324,-0.34892094734320683
2,D,-3.3073912539959753,0.6094313038694452,-3.307391254983701,-3.3073912370495657,-3.307391273451929,0.6016985441098457,0.7453989598770229,0.4529405367757564
2,F,-10.196346561127337,0.1339501654971886,-10.196383902975768,-10.19606872300198,-10.196855941307122,0.13644207426426969,0.17762951304985083,0.09093695633975583
2,H,4.350040204975696,-0.06592746120269259,4.3477647423612815,4.79418478928528,3.309066385212128,-0.06699436962732758,-0.03388837517180936,-0.1009332531540568
2,I,-1.4031079140354514,0.2563159118772901,-1.4031079167335414,-1.4031076688257897,-1.4031081233673974,0.25352956998451687,0.5472476416608927,0.002649903399480469
2,N,3.7465995119199826,0.3335945669636097,3.5626044307005342,4.615382082969279,0.8230661718029575,0.33149078151746936,0.3595377905128144,0.29898912450767007
2,S,-3.95592206409557,0.17239736588276094,-3.955922063752277,-3.9559220550441974,-3.955922073131909,0.17759900045565818,0.3110800805543324,0.03332581095007694
3,A,-9.679688787627514,0.30341463244226397,-9.679520877111575,-9.678005065594466,-9.679670074186523,0.30204974926303385,0.3354721322059183,0.2702575541021102
3,D,1.8863809628823356,4.754008617633523,1.9838818273078607,7.05166575549725,-2.228001686394936,4.751445398527922,4.849461282403383,4.654776091678668
3,F,-7.862018494069161,0.39250422969216575,-7.861662444178357,-7.856565083062311,-7.862064107958834,0.392652713768203,0.4393430604523612,0.34433995408112517
3,G,9.61914738381066,2.004467054317277,9.555792934251864,10.273582332882526,8.351771236741834,1.9986482611762406,2.1250686826965692,1.92120751839936
3,I,0.1465360745277263,2.2025111153452333,0.1857788871631893,1.2015064827656008,-1.7077733854603427,2.2043742338917722,2.2238432696253447,2.178183725013445
3,L,-1.7234715626934898,1.563925006344636,-1.7235724245810693,-1.7234896313053159,-1.7243017558158529,1.5550368368010181,1.6124604304847143,1.5080259711422224
3,N,0.12653957005400854,3.1138286919537896,0.12653947698817425,0.1265429408025955,0.1265375389690671,3.090017324132424,3.985375161816658,2.5899185962015916
4,E,-8.500367675123242,-0.43169506775204536,-8.500156581812547,-8.497757843756519,-8.500451182590277,-0.43774877651077604,-0.3515083278362457,-0.5070272532820517
4,H,-8.990973501925053,0.648524684034615,-8.987051295755057,-8.94200829565593,-8.992003981359694,0.6447025525557664,0.6681141166543146,0.6197758677531814
4,K,-8.978802805323786,0.1637731699844871,-8.972469643442183,-8.91375126800975,-8.977730198809526,0.16367922382799865,0.19209673241277678,0.1276665786832887
4,L,0.9732238188225797,0.9409198145511393,0.9510032950478824,1.4824200761100412,0.49992936636522256,0.9411206752410081,0.960902422196545,0.9191288019222323
4,M,0.5510618024817766,2.740940520081254,0.5510618471683258,0.5510632434929709,0.5510603484731353,2.748850755380589,2.9839905199391232,2.4958902615909118
4,P,-0.4902885685101198,4.305289644884336,-0.4907009058292604,-0.4901550704569931,-0.4970581089416503,4.31048702939872,4.6443802305135335,4.075416688489181
6,F,6.539417004436685,1.8323532324006595,6.545390056843374,6.990994350938612,6.185093465781657,1.830267201062199,1.8693814372859914,1.7912294739077659
6,H,0.5662450965301435,1.6773021247555935,0.6607691631279545,1.460935745380271,-0.8898263901882013,1.6763954038394253,1.7038399427039173,1.6451248688470084
6,I,-0.08214931284345005,0.51356805724869,-0.05661298414471348,0.7384092415906102,-0.8530710800053657,0.5151555689309224,0.5423955705905792,0.4817615069957835
7,C,2.3841121679858133,3.5859395396740616,2.3835873793218836,2.3863077159775847,2.3725385721358716,3.5952517211789203,3.777955684065686,3.4693449194053723
8,A,-3.054012724564391,1.0257828504770412,-3.054012724316635,-3.054012707256791,-3.0540127431988737,1.027249484212259,1.1330915274561704,0.9104037011817658
8,C,-0.8533675147007852,1.2401200663533054,-0.8533675626112365,-0.8533672419218173,-0.8533678003553844,1.2066320116016287,1.4287836541094114,1.0445104837918588
9,C,2.4870348341458954,5.064677147469035,2.4868951926717004,2.488459216821351,2.4814863679743184,5.0766744075942,5.71730510071491,4.647535340896421
10,A,-7.71876026800704,0.12899422010116393,-7.718760223751476,-7.718758044858809,-7.718760882824509,0.12595108694862095,0.19480377759608442,0.06152385304621635
11,A,-7.66250511548726,0.2129471763231066,-7.662572652477195,-7.662498145306244,-7.664033523627254,0.21066556259805144,0.27636738319894016,0.14652433536011725
11,H,-9.231955428891595,1.6429929140653994,-9.232281812707646,-9.229462803525879,-9.236879498425308,1.6415027989976787,1.6630565063495508,1.6210712574982606
11,L,9.281578221939268,2.1778259144078898,9.311518070943833,9.976735610825719,8.540315597753956,2.1759629211407066,2.21737702017269,2.136816023910987
12,E,-7.72456909830969,-0.9642429265805676,-7.724569076430555,-7.724538424655464,-7.724569226686535,-0.9592847991789457,-0.8002975424988316,-1.132674186650333
12,H,-0.008505809473567078,1.109304367368956,-0.024596558937262154,0.6535760584118617,-1.0357936882136771,1.1073198643874012,1.1282767773439035,1.0891416826138256
12,K,-9.91535616239328,0.13913251332364138,-9.915294295797427,-9.913776127351028,-9.91564735173845,0.13587540835013676,0.1712712734639933,0.09372625599431515
12,L,-12.130928384683218,-0.2902586456946128,-12.13041857625489,-12.123771322738522,-12.130811024846711,-0.2884756707414803,-0.26484249047646424,-0.31435973305154497
12,P,15.0,1.0971493082936,15.0,15.0,15.0,1.1047902262183997,1.6338245767000041,0.750051331376601
13,A,1.1621930024211562,2.6871412015089726,1.1621930141409886,1.1621944410353326,1.162191407390742,2.6881338861494894,2.81967328384505,2.5404953833393327
13,D,0.3590428457227521,1.2582469675078782,0.3667629493249239,0.7094926475249118,0.006421802814330959,1.257608599191658,1.2762477670714867,1.2355610786733897
14,A,-3.7234456344910645,0.6704101382846543,-3.723445634923912,-3.723445626913026,-3.723445644780321,0.6651662298040973,0.7627660248707273,0.5449546956491287
15,A,8.79590132563996,2.1183513601992767,8.816996636010021,10.150373506076988,7.2484759571640485,2.1110252473593025,2.2064734752866526,1.9907528786739435
15,E,5.8282898263733145,0.7864643907340143,5.695616825378754,7.01150873173959,4.335210242988545,0.7883022949895935,0.8217928805920823,0.7460750690081096
16,A,9.166631132912965,4.335294046024587,9.167615393452444,9.188060306034679,9.152191094322127,4.377401218179061,4.7965789499725755,4.039516151725353
16,D,-7.1570922630352385,3.9891253837433305,-7.1578832895054685,-7.157125954154648,-7.1675093684066224,3.989188775684715,4.053468438987252,3.909531094831288
18,A,14.825173638911615,-1.6595298240279655,14.824999210620527,15.0,14.62547849767728,-1.6591474421465846,-1.2387993577711098,-1.8775344805888117
18,C,2.7595862285983577,0.6821792410970461,2.711186497057643,3.4273360644949453,0.3010725442081349,0.6817580122023668,0.7050360322085968,0.6529296668760861
18,D,3.685033956902721,0.7318063124523323,3.6948094542270757,4.627630921377038,1.8437875452441668,0.7313564865528829,0.7534739592003774,0.7109706912984514
19,C,1.520552105690884,3.993064219681718,1.5205523044577947,1.5205583638726579,1.5205479198837961,4.006189980913099,4.394282815385508,3.725129154895289
20,C,-9.842147173892911,0.18978948180891522,-9.84213004573636,-9.841908297829274,-9.842188297408265,0.19072401097898947,0.23412915147560914,0.14973657358319614
20,G,-6.003239840270765,0.48307787103676136,-6.003229928052679,-6.003006863387742,-6.003239196589955,0.47974662298747345,0.5579261070275593,0.39522625542398143
20,H,1.6096441339121317,-0.13186134237832414,1.6216076322570294,1.977302992591445,1.2193649680529606,-0.13007436470927664,-0.10814482814414832,-0.1557685222035712
20,L,-8.415170942999445,0.23425012628736924,-8.414006071731688,-8.387596911805323,-8.415202481642837,0.22927908481433545,0.277262810280231,0.18375520798101125
20,P,4.258611585108578,4.545283958736528,4.258609269741086,4.258689551104651,4.258544298029286,4.53563493089408,4.872356782528636,4.264312125067136
20,Q,-0.7639788335249902,-0.15594058748800355,-0.7639787792169559,-0.7639781093197221,-0.763980169970367,-0.12106662877051164,0.2987369276625648,-0.9994498491509023
21,G,-3.984155561628372,0.945297927829528,-3.98416942137664,-3.9841581092509286,-3.984270644615191,0.9402991247605013,1.0197034574958515,0.8598436943796852
21,H,-0.9443763012889557,0.34736314276075686,-0.9443762995605628,-0.9443759193879079,-0.9443767454925802,0.34866811162296196,0.6347886317760638,0.010176085567648561
21,K,-0.9376845248143537,-0.4048068798684702,-0.937684508085833,-0.9376838625887535,-0.9376853534936921,-0.39233052744353003,0.09126667785763085,-1.02812520459773
21,L,4.8831466405305335,0.6351278521903899,4.798566111140227,5.636492956156139,4.137451273501735,0.6319983854357496,0.65801755681576,0.6000541094072726
21,M,-0.6754582045955896,0.14991907518101358,-0.6754581258170385,-0.6754574086331528,-0.6754590460106313,0.19560301958665538,0.6061088204873698,-0.3379663994168327
21,P,13.059455137657695,1.5530364601206101,13.09746392524739,13.6747324426898,12.584228290289959,1.5448249848258118,1.690660664580655,1.3968810167660235
21,Q,-0.03221622370207687,0.07590571613561736,-0.012576494090874232,0.6826078929557428,-0.8055552584730887,0.07683130201803301,0.0945678510466217,0.056373693012253326
22,A,-2.642568728359354,0.819375971604843,-2.6425687317002415,-2.6425687018078974,-2.6425687582037516,0.8055983757383064,0.9308375555576592,0.6960315247054146
22,C,-0.2169991308104037,1.3173817721896635,-0.2169990508402052,-0.2169980474870541,-0.21700005675648676,1.3466479046872384,1.710159668449853,0.9806511025838387
22,E,7.6155697673026,1.620164008039483,7.568922263660298,8.426022811476859,6.993031313842043,1.615817529726788,1.6449702951876966,1.5909627724959838
23,A,8.182789952655932,0.9086704142327541,8.322767071800502,11.488697759550115,4.040340515798082,0.8726552262311482,1.0545918125121905,0.5421862771081355
24,C,-8.130969519760193,0.13040259601636173,-8.130969280723916,-8.130967243559155,-8.130969550693909,0.1374570965777536,0.2137067565689543,0.06434569582487713
25,F,4.116386872005514,3.55640758938285,3.9487869490434604,6.647824692695272,1.6659910458548983,3.558908385521671,3.6071467751680886,3.501738901295958
26,D,-7.575642034512821,-0.47034266074303693,-7.575389035483969,-7.570337617453267,-7.575610814567472,-0.4634141774016358,-0.3772672243510991,-0.5682459428496972
27,A,-8.642916189531562,2.894210348522693,-8.643847580282294,-8.643041532215916,-8.651090472601215,2.89144723180093,2.94729350179091,2.8242741081147464
27,D,1.663053874826115,4.269159491604179,1.7250141319031205,4.774018256537284,-1.2050911306026855,4.272183485824211,4.3536822668121795,4.185520701148992
27,F,3.033981697671273,2.9636878099456725,3.0339809182786732,3.033987231798802,3.0339732336604435,2.953161957467773,3.0415805102586684,2.8439061619703923
27,G,15.0,2.6442875780335764,15.0,15.0,14.717138492345734,2.750783428540559,3.4196673153547,2.208896376262821
27,I,0.9894722992586023,0.3121544176787875,0.9794521360427861,1.8635845725223927,0.2784800336819433,0.3114338145637593,0.33962481004430856,0.2797819142206949
27,L,-8.671648394892497,0.33168515051251624,-8.671648720406019,-8.671647534160721,-8.671661297739822,0.3392713190975274,0.3808930592324018,0.28219904049915706
28,I,-15.0,0.329975216190108,-15.0,-15.0,-15.0,0.3291660797240118,0.34649223955085273,0.30737931458971823
28,K,-11.462216609655263,0.3610082071204456,-11.462171975836373,-11.460381952443797,-11.463754126359621,0.3599611301111526,0.38291799750097083,0.3364684461593289
28,L,-13.270232505804927,-0.04516683575880811,-13.270442894900302,-13.269567740481042,-13.272727351183942,-0.04569822350432551,-0.020451031668925205,-0.07347411978706667
29,A,-1.9981295698850805,1.7774463092517232,-1.9985156087662228,-1.9981991692856496,-2.0017628530031466,1.776282765274718,1.8527029843662641,1.692799047640708
30,D,-9.393808643787647,0.08744730683217461,-9.393749004502087,-9.39252838800792,-9.393871193454816,0.08599047008326022,0.13579619903056786,0.038035362514147394
30,H,-4.767790176181066,0.19010654359203716,-4.767796609625182,-4.767791717137255,-4.767856528752379,0.1901057317136483,0.2744015301052569,0.08427189820804282
30,I,6.443532291264744,0.9554734041524504,6.432034311855517,6.94109311068602,6.0582397863399455,0.9529780598404288,0.9810840425708539,0.9272027329190589
30,K,2.2558310289897583,0.35707942924545877,2.2848829166152385,2.8145300050066178,1.7704851186717838,0.3564252094216116,0.3906300613541947,0.3312003078508884
31,A,-6.02231392150177,0.46059505238516774,-6.02231392150175,-6.022313920945954,-6.022313922215508,0.4598366836591794,0.5285312440164729,0.37355711780047424
31,I,-0.6659758243089698,1.0520950990267535,-0.6659758825944193,-0.6659754391666369,-0.6659764393556823,1.0183292198406537,1.2708626488509984,0.7006909582468244
31,L,4.997338226240015,0.8032918015321769,5.061351576588883,6.534701913545133,4.323959238768912,0.8007887030500993,0.8292996278358514,0.770762468439802
31,P,-7.399216308408125,3.3018709255687084,-7.399544261413754,-7.396950696412152,-7.421391198679539,3.3019146537645927,3.348664094515784,3.2578528725121925
32,A,2.15380359945939,3.636968289881223,2.1538038555048056,2.1538104754998164,2.153798094254352,3.645863400201195,3.870618273523046,3.4490756349347347
33,A,-10.422435437428202,0.08114569555005278,-10.422435442984881,-10.422435438507136,-10.422435494076046,0.08351124484509875,0.11603480176350825,0.04499297462085068
33,H,4.779121662997287,0.4853016164572191,4.803881926383712,5.221311481577153,2.1754657942053277,0.48354135517253405,0.5040809985475909,0.4554232094770935
33,I,-0.5698019114773674,0.6130424844013744,-0.5698020197741229,-0.5698011821005085,-0.5698025629796689,0.5558954954507871,0.9903058925860477,0.27345434435849075
33,L,0.9853426539465346,0.33998864726570227,1.0127630318562857,3.6317702276046187,0.15683679719275478,0.3366283357390461,0.35730510138700616,0.3159883626676491
33,N,-0.5417509004422697,0.5236787923604915,-0.5417509367994366,-0.5417501568561539,-0.5417518908658834,0.505125191303063,0.8972022076252812,0.02561138115042668
34,D,6.5589545319477915,-0.06599793716771424,6.54105834170001,6.782649091505343,6.28257890551347,-0.06714334249119448,-0.04324708297496093,-0.09024319232287545
34,H,-6.866374646932743,-0.20023316043390835,-6.866384755873687,-6.86637685882917,-6.866497470690768,-0.20469799393408417,-0.10173174263742983,-0.3159969033464167
34,I,-9.73924662528013,1.706778615429746,-9.739883191853973,-9.731959643993486,-9.777249178752575,1.7028576968275324,1.72487004782928,1.6841477060034236
34,K,-7.950764955814424,3.047455339349759,-7.9521604873064415,-7.948724468778314,-7.978045276785854,3.044997999003038,3.1027787244663187,2.985788285710826
35,C,12.059866344403256,3.8836533849349166,12.078854716618244,13.95687631793017,9.354332721038407,3.8954949430951524,4.323559725960163,3.2515907327696905
35,G,2.856817786668726,5.163939081442102,2.856564558582715,2.8601780825984697,2.8515804447400623,5.147433756342025,5.801145650644683,4.814467906845119
35,K,0.2203349130833085,6.435245757146542,0.2203369471051942,0.22034628692080405,0.22032435681300114,6.901405670549994,9.198370473587202,3.9728109168464765
35,L,-10.886208734226864,3.7717472375373804,-10.88670255264596,-10.885761967070689,-10.895526625784525,3.7687346141872453,3.854457884911876,3.704862264910139
35,M,0.4602282860100981,14.072881192969811,0.46022828957704587,0.46022837380863973,0.4602282014403618,14.073520674611409,14.100225992990433,14.055812145693643
35,R,12.050222431433776,3.9219211825759146,12.038531285052969,12.721812488611059,11.522812635554455,3.916366016404144,4.072313356218676,3.7840071528843677
35,S,-4.905336450111138,3.8615341254020854,-4.905355703583577,-4.905208828897417,-4.905994621749301,3.880652839768847,3.9966247866702695,3.720305423972696
36,C,-10.699957231533114,2.1814820368327346,-10.700144402030368,-10.696662849027986,-10.706493108501203,2.1795706621470643,2.219949574255725,2.142955311724724
36,G,9.379897249893817,2.9136260143408217,9.341047300034894,11.052028455581556,7.9502532574264535,2.9108708995665946,2.976359744320096,2.6865114777944146
36,L,3.785187284678053,1.5956250574824087,3.8397106928207814,4.708815902836251,2.444939343649954,1.593787698378259,1.6254323110038553,1.5653796956509536
36,M,-0.03992152913895142,1.922119937115524,-0.03992158743513638,-0.039920029895289165,-0.039922820358190496,1.9043481971318854,2.370372183440875,1.526812960034988
36,R,-0.003041659556410837,4.797558663751335,0.010416506913114767,1.9591500813837213,-1.9491557588166797,4.806419487705433,4.91372284548191,4.716018572438442
36,S,-4.360958372648306,2.8737767241592507,-4.360765900470371,-4.356616105115745,-4.363059420073334,2.868578553621828,2.9728461863800377,2.7616514715689493
37,E,1.9136977426673254,-1.2488684555729799,1.8889790259929025,2.2675731233567693,1.6116765637070727,-1.2450980814952168,-1.199695148137916,-1.296426213196975
37,I,0.2625139824203974,-0.7075651363061176,0.21363994605865316,0.9371575487019921,-0.5428048304543758,-0.7078455368815257,-0.6808338516474651,-0.7380394912451287
38,A,-0.01587108746391837,2.0932519745825657,-0.01587113273520272,-0.01587036562740485,-0.015871699997644276,2.0795280624926322,2.30857195003762,1.911407869005182
38,C,0.2936285838598965,4.381160781489209,0.29362913698131654,0.29363835629127594,0.29362454770873037,4.502754583016737,6.612628059606762,3.496125250364173
38,E,12.746366282245058,2.833983526661609,12.714839126813985,13.507598449585242,12.090029924779051,2.854082283000772,3.0676229633470418,2.5666716150977122
41,D,-5.969949408316869,0.08701177591544389,-5.969949408276474,-5.969949407291211,-5.969949409246898,0.09180235504867815,0.20692295452535217,-0.01911961215319621
42,A,-4.773833944716211,1.2924176453365448,-4.773421137428291,-4.709881478028453,-4.773839296222735,1.2903004897614068,1.330582017249399,1.2439720222072437
42,E,-10.085664373105805,0.46170114596293604,-10.085392688738398,-10.082290862783031,-10.089892273408205,0.461637851431707,0.4853591550104819,0.4321740525424059
43,E,-7.681602932645423,-0.29612484691665086,-7.681603002670079,-7.681602867699278,-7.681603771944333,-0.30196842643363836,-0.1891350136236702,-0.3945337460578274
43,H,-13.378433784969424,0.09599995599862339,-13.379311812098887,-13.378642880339118,-13.386927663717508,0.09755694064682321,0.1308182623532608,0.0706446214469272
43,K,-10.661621178487792,0.7335306720336904,-10.662569254319259,-10.661816751471216,-10.670768432204698,0.736210629040404,0.7721826065537591,0.6922045876310586
43,L,-10.760603557154262,0.12730080715129286,-10.76004122847889,-10.752594917216724,-10.761428760655606,0.12664446705431998,0.1541431850625726,0.10354142773395174
43,P,3.0102644070834272,3.7368878901196747,3.0099816388334073,3.0156439993729003,2.9974338018628575,3.7317910454077565,3.9193777867892194,3.584177968488931
44,A,-8.897285108038178,0.6791029907438659,-8.897333219367415,-8.897288098363887,-8.897743555338948,0.6796150385158574,0.7167013711115172,0.6465077161969326
44,I,0.3877493058132974,0.15393725879231218,0.40986560857895465,1.1702628619625886,-0.32430301087001584,0.15527143076326066,0.1859829193903909,0.12285369071000257
44,K,-1.3522591747386703,-0.39687090003146347,-1.3522591803052437,-1.3522588242621256,-1.352259608408576,-0.40320161394627235,0.0007502223636683594,-0.8970529582152997
44,N,-8.394529368649552,0.17284710440160111,-8.394528980823731,-8.394515656226567,-8.394529422955651,0.16978658728816196,0.22323027335743967,0.12299939579790037
44,P,15.0,-0.242132905834089,14.999591111662054,15.0,10.97327651119096,-0.1971618624411306,1.9553674341627105,-0.6391323536846306
44,S,-12.384292841357201,-0.033113351320965434,-12.384169384254985,-12.382668118829043,-12.384288046268948,-0.03522248110547769,-0.011154230425955348,-0.054345442163174947
45,A,-1.3677152645130832,3.4955390058545497,-1.3681913927790745,-1.3673503958719007,-1.372795593529824,3.499565328400654,3.5930298377900893,3.3809207350682917
45,C,-9.672734959889103,4.153231041812311,-9.673487458642551,-9.670199225150144,-9.691634683877506,4.152094469158271,4.217534941001899,4.100553312558655
45,D,-0.8111798011195049,4.459926129488006,-0.8186637623654646,6.000405424047634,-3.217893162639221,4.455918094101866,4.531732363555274,4.359502134303149
45,F,0.5629999762523588,4.851277470592584,0.5630009073904714,0.5630159271781182,0.5629946192048504,5.00707210932585,7.704948127183714,3.9513095967388194
46,I,1.5978675472254307,0.3835392227826056,1.641782825423165,3.2620117636497903,0.6269899603418642,0.37963125232180783,0.41105027625742596,0.35258339198497746
46,K,11.08883921309043,3.6438061040201175,10.96656908066927,12.166724250529132,9.051887087531103,3.659241159123635,3.836267920888574,3.4422023271579585
46,L,1.546315560250384,-0.8603856419985713,1.5969861539751262,2.169596053043419,1.258054873712811,-0.8604236581556466,-0.8273748914542585,-0.8929576644800056
47,C,15.0,2.7864652190872063,15.0,15.0,15.0,2.80300082055576,3.5387008618444735,2.2871161501664607
48,A,0.9051367953538454,2.4369596274865057,0.9051368014110492,0.9051379029466444,0.9051358564326918,2.4379952628129344,2.569561053098938,2.3250548478329076
48,H,1.7383127747257958,3.73845828625967,1.6477591595974854,5.228907308653631,-1.7934869542809606,3.73316408170086,3.8105402232053565,3.674604297478371
48,L,5.396821539582963,3.87089046977119,5.215827570232062,6.999537510243329,1.0743002171587526,3.862627226235081,3.9518821751122246,3.7877122803150742
49,C,4.296012614954735,-0.5609499953615104,4.290399842880902,4.617560058056659,3.9945303298967763,-0.5630422308085572,-0.5323441264227586,-0.5964470589408746
49,F,-0.6755778448435835,0.10733773986116509,-0.6755778385138707,-0.6755771215357219,-0.6755787983178589,0.11091786215334318,0.5285964951772595,-0.44091231035375067
49,G,-5.92343506305112,-0.07749687917310086,-5.923435057586392,-5.923432287518514,-5.923436120462164,-0.06119636546810739,0.05244215274685617,-0.2065854310962098
49,H,4.572670949798239,0.5005473323771404,4.546723652692067,4.893155814007613,4.1852330522282655,0.5015098171495223,0.5187070484489676,0.4829111644953345
49,L,-10.123911580381774,0.25019466735038337,-10.123166379854272,-10.11467212219048,-10.124156036134284,0.25110972882971366,0.2862324279102257,0.22471527847751485
49,N,-1.690959392334854,-0.3901544223126777,-1.690959388915688,-1.6909591756593911,-1.6909596905806294,-0.38476539315316377,-0.04954434255301905,-0.8694834021868453
49,P,-2.179737429913952,2.3447198828941795,-2.180583107178916,-2.1799287801316978,-2.1872981796730366,2.348001844542517,2.4136116784863475,2.2784007387185286
50,C,-0.18788922185348797,1.3774676817306097,-0.18788924537814944,-0.18788815356236688,-0.1878903413429308,1.36837296110594,1.7567687260723859,0.9778820174489335
50,D,-10.842306946063834,0.18918404399452715,-10.842233113952922,-10.839922295968726,-10.84385818476574,0.1874821139644145,0.21358537648310338,0.16245350287442106
50,F,-0.04475953156887862,1.9631035116058688,-0.044759410953057986,-0.04475783824582621,-0.04476061045175663,2.0002635994173197,2.488793985047991,1.6339703460717612
50,H,-3.8649261586057357,0.869359059270835,-3.8649092617885143,-3.8647551794904795,-3.864924288272092,0.8487232812334522,0.94623155236621,0.7858496016215316
50,I,0.8852675945081114,1.9114020029845558,0.8932664273057994,1.7171190334371094,-1.0354759165454768,1.909790837928475,1.9305775763008182,1.8836527632344109
50,K,1.3517692163402977,2.054260135524732,1.2984777840408204,3.310501652996094,-1.0922408190976656,2.0516755073622193,2.0792737722142047,2.0296285641959506
51,C,9.120722833521423,3.756157109714583,9.324348256042557,12.295566807998924,6.84446714924224,3.7295890728041226,3.834313968676178,3.1565502018043965
51,D,1.9141956332329508,4.572185001792923,1.9141978831372373,1.91420810014654,1.9141851887976928,4.668960768865134,5.120802949821387,4.122544072738604
51,F,-0.03574484871169301,0.9142114328979831,-0.05185169970414746,0.5304365315415525,-0.6819014507962149,0.9131885851272734,0.9335309868114248,0.8964676030402206
51,H,1.946926225775391,-0.5564528867690777,2.054213939673038,3.0613496317606357,1.2900902391268683,-0.5563570082219322,-0.5168952485576243,-0.6017227508771462
51,I,1.0430788192840375,5.574912462023901,1.043078741589837,1.0431187448631811,1.043067987447531,5.567453496652327,9.385610671653525,4.456017279251987
51,L,0.24614177575929885,4.109881984618643,0.24614170693487009,0.24615406625079708,0.24613841481112889,4.094026207548447,6.984729393884501,3.331979394410301
51,N,10.688096901112065,4.880047718493042,10.544289815976365,12.554639108257216,4.7255333843444385,4.8602750527962915,5.147070106506962,4.337593224780691
51,S,1.225215995169778,4.7296356773713235,1.2248602054497755,1.225580390092824,1.2195107259497109,4.7584554478497925,5.118623455785723,4.417160988010879
52,A,-10.395927949904594,0.7624482871769764,-10.39595106593978,-10.39401372884695,-10.401513862102851,0.7606526606820231,0.7809424673982172,0.7374863703360598
52,D,-11.505889350688266,5.018516344245755,-11.506527004616132,-11.505934993814302,-11.512491500731231,5.010063484493891,5.114732789175837,4.915808062189749
52,E,0.2681084300061101,14.302221032225402,0.2681084305412558,0.2681084694467415,0.26810839763935906,14.30235060703081,14.310972863103435,14.293707089324766
52,F,9.561944260032258,2.937632270405837,9.502369252448503,10.338455898302902,8.347080675870277,2.935074298288391,3.0446975429063685,2.841436162387318
52,G,0.06251630673066748,2.119113783783522,0.0625163188916354,0.0625165949804977,0.06251602191646306,2.1223966745253406,2.198292802814625,2.0426006600268525
52,I,1.3999281616749426,0.5246135051036065,1.4130409855862598,1.9100927746531602,1.0051160395230996,0.5243285220707489,0.5439574877884268,0.5055738035455102
52,L,-5.038821183502695,3.04562218233598,-5.038697591687802,-5.037535445483688,-5.038800727246501,3.0477783970434533,3.1083486328324015,2.9625861411146963
53,A,11.76241002121711,-0.4757334854923026,11.753057787984718,12.484656691703982,11.129118484062417,-0.4766864160851906,-0.36049067374198296,-0.5875301102849858
53,I,6.028654330231856,0.81512323291106,5.983947864324579,6.297955414060654,5.682130817354073,0.8147983253542157,0.8335777163600231,0.7929388729574672
53,N,-6.801784059081251,0.26395389203241904,-6.801783614498042,-6.801778561085995,-6.8017843639169175,0.26897832944377587,0.33237853733263434,0.18762545161271563
53,P,15.0,1.9687891048236128,15.0,15.0,13.324224811045822,2.047456430971996,3.5862157496182827,1.5828417064927462
53,S,-11.15474049158966,0.15339979622036115,-11.154093325983721,-11.14409724068757,-11.154612616391642,0.15324989435484837,0.17282713377303704,0.1290912259083503
54,A,-4.8092631360947085,0.34956514307234493,-4.8092681679976845,-4.809263841922168,-4.809308973720634,0.34355354618831524,0.43143135934988647,0.25982951894248085
54,H,-11.374101556652146,-0.02490305849489963,-11.37384538143238,-11.370506204575866,-11.37442792221206,-0.02117923858300059,0.0027058854228803426,-0.04350383456629101
54,L,2.2932158303676653,0.05378261130259681,2.3733771446156187,3.8283681442357205,1.2281817260380037,0.05437297235251128,0.09176973457571518,0.0009125981244281441
54,N,-0.5048718386374009,0.51259658192585,-0.5048718360703643,-0.5048711271254748,-0.5048727380638075,0.5135599413511247,0.858092034593046,0.07801853209588383
55,A,0.5896529974938339,0.9420963857449415,0.5952052417037568,2.2725212815008717,0.13404353480575773,0.9400833052975534,0.9640478934762163,0.9186245369492871
55,E,0.3832621554636252,0.3726663632210757,0.4022422558327144,0.9398597953016951,-0.2611365199729415,0.37285166224974475,0.38923337361616067,0.35093760942160607
55,G,-4.726456972485721,0.7984492101884771,-4.726456972199826,-4.726456969924022,-4.726456975018913,0.8079284099874902,0.8812000421095706,0.7156267799635722
55,L,-10.285153851175528,0.23336496379537638,-10.285165917834142,-10.285093188399586,-10.285349608967593,0.23038826469575518,0.26985131579116717,0.19196492494127126
55,M,-10.247683590396354,0.2961454245805623,-10.246005861659537,-10.222052633295629,-10.24743281086991,0.2948808349298255,0.3220987846663263,0.2687659149679983
55,P,-0.5432214062026044,0.6503983189042435,-0.5432214087657219,-0.5432207842568748,-0.5432223089735029,0.649011430515674,0.9646787002922482,0.19036397380388645
55,S,-0.6432579219933566,0.3104941394802915,-0.6432578686216928,-0.6432571862568767,-0.6432586959406051,0.34043435593108207,0.721997827202078,-0.1291292412133958
55,T,-2.6932188557213745,0.29938618439317355,-2.693218853344295,-2.693218816365864,-2.6932188884863177,0.3098930123825461,0.4698308276524889,0.15681009629859594
56,D,-10.367944894112146,0.07650974499491388,-10.367818632647655,-10.364543690024192,-10.369736362478353,0.07699166631130634,0.11403386663509404,0.04251768698214692
56,F,-0.7333529393352848,0.36708972535188217,-0.7333529070612819,-0.7333522795541111,-0.7333536312509417,0.386839060914007,0.7738466253460067,-0.054981722762481436
56,H,-6.138921047086514,0.36122495312865444,-6.138920908150567,-6.138900295547985,-6.1389257002409625,0.35179379458237237,0.4317741623059613,0.27295365173271063
56,I,0.872012251659991,0.4270099444855406,0.8975784848090742,1.3755812378245675,0.306500137487365,0.426057020636726,0.4550271462395657,0.4006684972348429
56,K,-11.143543577768876,0.28806497177041457,-11.143564518123611,-11.143530332101324,-11.14373929193042,0.2824946592904858,0.3130961662713605,0.25669474456639657
57,E,0.9358013104165135,2.599538169769993,0.9358012297715428,0.9358027864270188,0.9357998410324032,2.5902128715126693,2.7687905814873077,2.431043818801379
57,I,0.6532206200827727,6.461346685876093,0.65322037502762,0.6532371081608723,0.6532085262026587,6.42431133230662,9.046548113506628,4.622318157091822
57,K,-8.104304664523667,3.218214316227298,-8.1049771726929,-8.104122962424281,-8.11697739260959,3.212014173460402,3.2587552777570234,3.1611129465611674
57,L,3.341916562041303,4.67025921924508,3.4280911545952297,6.169998264993468,0.6858318544018499,4.6508538507119255,4.8128130500659445,4.547861346852699
57,N,0.13605286450609116,3.120763377450175,0.13605308027544902,0.13605698539836253,0.1360510606428343,3.1762343406693647,4.180239722512589,2.6539338237975945
57,Q,-7.0880587336552665,2.7992557120820054,-7.087820145031934,-7.078996235044345,-7.0961706703738825,2.78985733421779,2.850403694388197,2.7574819553640757
57,R,0.14723658551655916,3.4238075001093984,0.14723696792009294,0.14724106678105847,0.1472340756087768,3.5197759241081634,4.574797653212922,2.790419230035772
57,S,9.171821303520643,2.9746959419610683,9.172679466080709,9.18022095346611,9.167986303743511,2.9839641023812655,3.1346357863499104,2.8494549113253207
57,Y,5.829245382279361,4.917148184406183,5.917985394472735,10.333291091298545,3.05257884338318,4.906107286639616,4.999246381149078,4.785741317509105
56,S,-9.506110619531826,0.4275725847143417,-9.50607014782626,-9.503501895769592,-9.506414673252891,0.4255991296784435,0.4722132976738461,0.38465516724112303
56,T,-7.103459965439205,-0.0021739048616971233,-7.103459820627798,-7.103454298041739,-7.103460485878572,-0.006442172274443223,0.09797379587354513,-0.08034966120624937
56,Y,0.5764524767582152,0.2539451590400792,0.5863750475636693,1.0337818355351698,0.16276759529308676,0.252835989183731,0.2706485763809092,0.2331358823786834
54,Q,-1.2351912948854733,-0.21401123158824667,-1.2351912941784904,-1.2351909145015296,-1.2351917949282638,-0.21329076606460723,0.17006356300020173,-0.7235601176596442
54,R,-5.295956411956578,0.2582868091531178,-5.295956411777873,-5.295956409902811,-5.295956413997802,0.2687945246013572,0.3798271979396089,0.138897949916923
54,S,-9.046725983649262,0.16977030444566704,-9.046450645868516,-9.042837363420702,-9.04668776111729,0.16973836661840155,0.21156260153856418,0.12617995375738467
54,T,10.37277277218141,-0.029710609918465723,10.371145455760754,11.600031302668507,8.753164217803777,-0.012361564624316791,0.05574257699205399,-0.1553608706159579
52,Y,0.23447284318748712,4.523882380782017,0.2344730940057554,0.2344853243023834,0.23446835751445996,4.582605731166016,7.7585537737424275,3.4876453275460606
50,S,-10.739293200837174,0.3989841251536085,-10.739389817842317,-10.739183033578056,-10.74118880579318,0.39671133863901414,0.4326982626061316,0.3702147532774708
50,T,-7.402888880995001,0.46381668704528284,-7.403098639757041,-7.402704676127849,-7.4066121807233865,0.47084246607541846,0.5222582944133163,0.3987049143841192
50,Y,0.6440612412020494,1.7987291166455892,0.6242570704532446,1.2151293555659464,0.17913032153874833,1.7982090835406548,1.8131378485863139,1.7800443876649021
49,S,-11.811870891002306,-1.0275561786712957,-11.810916735952482,-11.79983139123044,-11.811686445588972,-1.0268253660674032,-0.990306340606511,-1.0585608587853546
49,Y,-0.659570785819429,0.17305068840616794,-0.6595707703165471,-0.6595699676255122,-0.6595719164652457,0.18180326228320326,0.6359291026588851,-0.4768448337244904
48,Q,-1.0171088088256355,0.2963046225306098,-1.0171088401318369,-1.0171084901058791,-1.0171093386861556,0.2705496982206097,0.5560305433380378,-0.1317128811416172
48,R,-7.16688419118657,3.228773937735215,-7.167446159242758,-7.166592463339101,-7.187427872536966,3.2204061204397307,3.339251675205812,3.122985577299954
48,S,8.703078322135376,3.0958393029640887,8.609562574948967,10.12898160859771,6.977964695789919,3.089347503841351,3.174122886706379,3.028103592549078
48,T,3.9406446086557483,3.4775581957826707,4.088839354560651,7.071147674697,0.0816395639515077,3.4760499377434115,3.550359548276643,3.3956094033132462
47,I,4.603903064264461,1.8380464901598395,4.500745897245064,10.026376848933685,3.347124272271944,1.8397107072074368,1.862291296075604,1.726093242713905
47,L,6.388006903301723,1.843629537549475,6.435603083768601,7.079174567628947,5.898427405604586,1.8417187760991471,1.8598391795711218,1.8220059815325003
47,S,11.478640693933787,3.7529093339880393,11.456277298394745,12.441091538355415,5.564810936872918,3.7655158067442365,4.074412103099802,3.530789968647412
47,V,5.448259720742062,2.814106771421164,5.448260038424435,5.44831591420936,5.448204178696471,2.814550198814191,2.8861564992575803,2.743991930337431
47,Y,5.353406788644473,2.195919362098014,5.4332905658636195,6.43991860153598,4.2896055636440265,2.1951056151281167,2.2200381196418277,2.15903974519513
46,R,2.8325208785361515,4.150094117679821,2.832522406521255,2.83253969788828,2.8325048677104667,4.176726579878142,4.4734678716380785,3.8728338614620275
46,T,0.5044388006070062,0.48097581840413056,0.48640382007235805,2.97779598242962,-0.5684787485381756,0.47809687771101606,0.5069720448002029,0.45299914212085796
46,V,-0.36512427346002685,0.38276664704541324,-0.35197753074016447,1.1212762539218297,-1.9352294796619312,0.38452080650179654,0.41390966405591084,0.35465517191770246
45,H,0.5445813918193639,15.0,0.5445814038247535,0.5445814935998287,0.5445813939203882,15.0,15.0,15.0
45,I,0.23634412856125558,11.615638306602058,0.23634412507482144,0.23634457262140465,0.23634367887149477,11.614822698121346,11.712870511829248,11.48958669141621
45,N,0.2797245903982868,5.744277149463994,0.279725795078701,0.2797390156936865,0.2797191666942678,6.04312427834019,8.892538063539234,4.560494620944034
45,R,3.018011618500707,3.855653529195674,3.0180110460926146,3.01802816041449,3.01799751720959,3.8467580159988164,4.093282351170153,3.652076052575196
45,S,-6.0503258158951905,4.142306685341152,-6.041211658501673,-5.294151185552092,-6.184426284679895,4.136346870200278,4.20319067815926,4.079770931877154
45,V,5.418269869566107,3.164497248664462,5.491155231375833,7.406949708042261,3.924353554427938,3.151317326413886,3.2400377584171216,3.0860741213040903
45,Y,0.40061665943336,4.213202958462514,0.4006173514536925,0.40062552384244154,0.4006129313936049,4.3488222986491465,5.950933599814527,3.461336651429576
43,R,-10.920032181085196,0.3478603477914242,-10.92016016165035,-10.919390963475458,-10.92284935321681,0.34576865806914475,0.37490628158405737,0.31736921475289664
42,L,-0.37310132234421683,1.4973211120939518,-0.37310128358481587,-0.37310073401504806,-0.3731018400692996,1.5153448757086787,1.7504571954551236,1.2772208252240165
42,M,-0.6128012023567895,1.0408244630726826,-0.612801241388168,-0.6128006312642029,-0.6128017124313939,1.0196455524335835,1.346992415734632,0.762185405516622
42,R,-6.902135214910443,1.109582249399678,-6.887687540220108,-6.0782200130380515,-6.996011704731785,1.1094082111920032,1.132943482226947,1.0825925455947691
42,V,13.163695687602834,1.5456725305500671,13.17439343384558,13.898681405076145,12.652144839001718,1.5444635919455232,1.6116091697984274,1.4835520255698913
42,W,6.657640597634554,1.5532605217745372,6.555142558799418,8.560547126043561,4.956851993399799,1.5514775790614541,1.5727788597647285,1.529673996687758
41,I,-0.04559346778579372,1.9419530125718665,-0.04559342671781762,-0.04559206527788664,-0.04559455991614993,1.9547081609320398,2.374474460860479,1.6096044815370478
41,L,8.301481737341746,0.6760515268597056,8.3411779785735,8.804948400895007,7.939588176102574,0.6741696454335608,0.6938657122907013,0.6533082830910292
41,N,-9.170342200465841,-0.17265301443466108,-9.161501852213426,-9.080917427764547,-9.168370771762497,-0.17190330468160786,-0.13816445493001644,-0.20204573845167811
41,P,2.341641386841166,3.2319696932243076,2.3416415755634468,2.3417573654811736,2.3410955539639704,3.2313701440944933,3.3991823576200306,3.0984935458515364
41,Q,-10.666923097387611,0.20560865722765467,-10.666976717597183,-10.66652956109224,-10.668124753304904,0.205088634154394,0.24456702749334008,0.16875494005171132
41,R,-9.320477521639901,0.6206011865650405,-9.317768127891465,-9.275539260806461,-9.321692271681226,0.6194680738953042,0.6617284669375514,0.5962064642489269
41,Y,1.8317894281287357,0.4651869517674007,1.804696568200676,4.938694910465847,0.7635826231011221,0.4638010340351303,0.49063116529744494,0.43474500909059927
40,F,9.223877780041914,0.7750523366853862,9.220656934087803,9.712866742903259,8.895514195125207,0.7739880004117715,0.8193786400157612,0.7282149748139666
40,G,-0.6406807621318684,1.9243215685815511,-0.6406807743011824,-0.6406805633737863,-0.6406809188650796,1.9176723138909062,2.0380320392672977,1.8375106956156164
40,H,-2.0890906351663943,0.36690254243209625,-2.089090636699564,-2.0890905308254375,-2.0890907335835887,0.3632796507496662,0.6137179207697879,0.13258469937987963
40,N,-0.5613258532797135,0.6861954328323755,-0.5613258602321158,-0.5613252178695474,-0.5613265213310327,0.6821907795467863,1.012410080403259,0.34368052137232213
40,R,-0.4969306388775194,0.5816983904819312,-0.5539645513814574,0.4949657365361554,-2.0904287785502906,0.578910765999632,0.599223677913942,0.5564365031662999
40,S,1.6502861751874909,0.37994437692905014,1.454717023601785,3.7415972042504846,0.5711106336287006,0.37813806492224844,0.4165667705747626,0.3453510589472863
40,W,12.782292699678253,1.5235947497486808,12.823734729801616,13.609678398208127,11.922131315273608,1.5246625313828743,1.8888243547080479,1.2024479806488289
40,Y,6.944930606572694,1.1896098977624188,6.994314112962129,7.381821050964785,6.498048532851807,1.1879121844937455,1.2061625139150807,1.1690296662955428
39,D,-11.610335492070964,0.06603215391728154,-11.610107575246444,-11.60676197644769,-11.610427394190069,0.06670381827187663,0.09326383246264569,0.04347875920631141
39,G,-11.352574263813167,-0.06629047681387108,-11.352574264956012,-11.35257426243037,-11.35257431783425,-0.06942569093069725,-0.030783868334879474,-0.09610823501046954
39,P,-10.215663983267012,4.200206044389558,-10.216565839774477,-10.215590132679441,-10.243109985598867,4.201033392493702,4.423946555030106,3.98101167523745
39,S,-10.341918364738742,0.07089319144676165,-10.341919480764139,-10.341916867458256,-10.342132598895688,0.06672497993913679,0.10277735721030676,0.033327985374056714
39,T,-10.480351696943679,0.4219045157612881,-10.477393833480345,-10.435092327666043,-10.481983391822475,0.4209007338560813,0.4500801796280664,0.3929708559501627
39,V,1.5292852376863713,0.3889419709469489,1.326704193337814,3.672279273649,-0.1987245622060333,0.3886086865186647,0.40925292028820426,0.36476340999740914
38,L,0.3558720063473428,5.217616569940745,0.3558727060429157,0.3558910137944427,0.3558661261243684,5.362150267700008,8.977177811838924,4.0228154748216465
38,R,11.356894107865013,4.106573810195888,11.35219722802793,12.150571659241804,7.888865764247095,4.1171411819667725,4.383560441509602,3.8666709621203563
38,V,-0.9164298633011582,2.53666706625415,-0.9168713312391332,-0.9165230473411083,-0.9201932398603262,2.5332729142473367,2.6200351121150747,2.469108141291928
37,L,-0.7484820333504337,-0.13456389804738436,-0.7484820557802879,-0.7484811909827469,-0.7484828930865738,-0.1487425566714697,0.386779859387569,-0.6700008898738777
37,N,-10.981011422334499,-0.135013138355061,-10.97946006321192,-10.966908985008601,-10.98066577417661,-0.13581162901096805,-0.11073522326944177,-0.16511882803954853
37,Q,-7.98360132014605,-0.6990680937509347,-7.983601362544018,-7.983600895956319,-7.983602033411518,-0.6910797201500967,-0.5889435061497346,-0.8147260912280467
37,R,-10.61686448366271,0.19357927855443943,-10.616441133522905,-10.61054863061959,-10.616868548126844,0.19233904047788095,0.2216260199943275,0.15876898834615508
37,T,-12.561123595938563,-1.7453608510846863,-12.561123366843056,-12.561094998638595,-12.56112368495053,-1.7381647027552063,-1.650308439259019,-1.8112854434402983
37,Y,-1.0112682584480737,-0.02901244194878733,-1.0112682575832614,-1.011267809663794,-1.0112689176805245,-0.028258428231092203,0.3322486614717901,-0.5554924059571011
36,Y,-0.08757663866978628,1.8106120471202973,-0.087576678491528,-0.08757540568428196,-0.08757774649411564,1.7982545499159073,2.2071734437905106,1.4555107007561088
35,Y,0.30646143294995043,9.24717926830994,0.3064614381935893,0.3064643897975682,0.3064412428303312,9.248279484128854,9.842644052426651,4.8719497494544735
34,S,2.2050387909890654,1.5518714393095947,2.2757363273896036,4.095336667366852,0.7111265965146145,1.5536217402415065,1.5899017696759454,1.5199251602041222
34,T,-1.862495170312691,1.7335509427747602,-1.8624951722493723,-1.8624951342288754,-1.8624952092327323,1.7298557666546788,1.8020808914505226,1.660185984311441
34,Y,-1.0850636784232377,0.661360211837112,-1.1804200779343814,-0.24019144867144276,-4.239620721512396,0.6604030686106103,0.6874365765348057,0.6405867344314883
33,R,2.49912148205017,0.41705056710396715,2.523652947226143,4.328519519282116,1.7826273345649242,0.4090546093995138,0.5341463723772695,0.3190778502935942
33,S,-11.162442145022531,0.4898743316103242,-11.162287144737359,-11.159453879038889,-11.16287249423708,0.4868523113786204,0.5062833280599311,0.4688373123310415
33,T,2.794089707731409,0.6721509942627659,2.734508534250872,4.053907200029025,0.9629425590740107,0.67004975394103,0.6990240321919914,0.6404195382842552
33,Y,-0.8003610085967667,0.7211630842567639,-0.8003609809088461,-0.8003606629839609,-0.8003614058762569,0.7393347734538038,0.9480926460565121,0.4580453737573593
32,E,15.0,0.2156547108916657,15.0,15.0,14.946543806981895,0.23188579676622473,0.8820198245699593,-0.15457840115403992
32,F,0.2453387142176304,14.277098195853084,0.24533871676486374,0.245338780662451,0.24533870502762417,14.277743634775257,14.292478513969579,14.27490242067564
32,G,9.887183240509147,3.171874762632616,9.460542236314248,11.951113372521323,3.85330875387994,3.1908835054511693,3.2711783107705403,2.7766240860237095
32,H,-2.896217778920884,1.2358130344986942,-2.8962177771309694,-2.8962177651530654,-2.8962177916070946,1.245610218902699,1.3091058454158064,1.1675172871038655
32,N,4.605175657434001,0.6442003561143474,4.639960197373284,6.107208562254841,2.8492663154352176,0.6419348390343422,0.6785382480763095,0.6080578474538435
32,V,-7.6634243485248215,4.031062652184214,-7.664381954341131,-7.663452042325387,-7.674431007330954,4.030746280157944,4.138165026130497,3.9409156165720947
32,Y,12.243894153044316,2.4597049945368807,12.258427415996792,12.927960992139152,11.571618637597126,2.4497563972182217,2.6362693403459274,2.241456330146293
31,T,0.67069560576178,0.0454092160781527,0.6704474633089588,1.1241514556236556,0.2382047334486415,0.044753506610073227,0.06293622374019406,0.0279215789961539
30,S,-8.327397169581412,-0.030241882544256676,-8.321970223929323,-8.205767433702553,-8.327964695057194,-0.026626122090248668,0.027001703049239694,-0.0759376652614017
30,T,-6.743955049564928,0.6367658496856105,-6.743955801335005,-6.74395506384161,-6.743962005180884,0.6353480239736645,0.7022588141963584,0.5574029539925919
30,Y,8.205789530781404,0.3583715042785869,8.150009647195285,9.336159513407189,6.156136723686699,0.35812213779873314,0.4012544552076972,0.31220314546632866
29,E,-10.085603218022065,0.3372143512977406,-10.084997185987067,-10.076800282849295,-10.086247674632725,0.33757426151986525,0.3686095012527727,0.31565952987701723
29,F,0.010274755658436191,2.1546162096889114,0.010274818029688052,0.010276363942733558,0.010273364122486622,2.1717557168222545,2.620555325467682,1.7464984550189027
29,G,-5.876234487502969,1.8465663521307056,-5.874216180713562,-5.79867682960881,-5.947803679156139,1.8440599019164718,1.880526079097484,1.8160283162680166
29,H,-2.7687066905101636,1.671068695978347,-2.7685544472532837,-2.7671208943996426,-2.7686922228770934,1.670865746201767,1.7337130039575415,1.5940099587465313
29,N,-6.27544939793959,0.897041278989042,-6.272730899988428,-6.1674460176400325,-6.321932264284135,0.8951614439778983,0.9260018973780662,0.8592738199360883
29,V,4.934733561067733,1.700716487847889,5.010638452647553,6.049192039048353,3.97118050417196,1.7000754092979182,1.7263520477482512,1.676173755344701
29,Y,-6.989724498885374,2.2787329613484273,-6.989710161338898,-6.987627943922044,-6.994254062322743,2.276493626638139,2.3136731007489493,2.2337946215422693
28,N,-2.0715304554136518,0.07921049574421676,-2.071530451620279,-2.0715303541504784,-2.0715305859231274,0.08818166685389862,0.3132451160665434,-0.22366589208302248
28,R,-3.8811090594059072,0.40157133231201386,-3.8809073932750264,-3.876672940697517,-3.881097432030807,0.4051954835047877,0.5041597323873602,0.31609837595397033
28,T,0.17859219870705018,-0.4477673682039171,0.17388937348459232,0.7609588234597356,-0.616331115849222,-0.44515861660180467,-0.4101256563497214,-0.48071660595329213
28,V,0.8430660534545003,-0.06149314151274722,0.8733308027577396,1.6260305623349989,0.3168197835678292,-0.06128974494117092,-0.026894183058328365,-0.0872152401724526
26,I,-0.921525341025741,0.11119226281799083,-0.9215253071976945,-0.921524840337901,-0.9215258638263141,0.13637344918865507,0.4823843545236731,-0.276851489566816
26,L,-12.9160788687519,-0.15922619619486053,-12.915666994948994,-12.910208157393027,-12.916136671308113,-0.15803734770088015,-0.14342591233035554,-0.17664370184714656
26,N,-11.252114497535674,0.0926871130071785,-11.251973155153127,-11.246438752638682,-11.252577409690979,0.09154815132879676,0.1218753181266577,0.05181269857924666
26,P,3.7951926905464908,3.3554311927948364,3.797481658539267,3.8258132718866458,3.7925015388223446,3.358776019813131,3.4965440280193447,3.2077905929120654
26,Q,-11.966423384934492,-0.029814977223701897,-11.965458243833275,-11.947515907871503,-11.966978605778708,-0.028941065912306413,-0.014977444167544336,-0.052479439580169256
26,R,-9.088845805839156,-0.007124389264394233,-9.0785314144679,-8.996145033691418,-9.087586823716515,-0.00829455209638431,0.017246970094956435,-0.038487035750181246
26,Y,-10.151326668219218,0.03706318492333439,-10.151276469332721,-10.150687637612089,-10.15133877984258,0.03279230358144044,0.07140892943058287,-0.0133148620807516
25,L,-2.8215433430199455,1.0222040752217405,-2.821543339393892,-2.8215433175187363,-2.82154336116168,1.0398684421723394,1.1472796032465065,0.933281061001255
25,M,12.266273654146724,2.669361227050562,12.451928492448118,13.290751343188843,8.341503497050493,2.6112411744079367,3.1912499056728136,2.256446757329549
25,N,11.281027530602083,4.108274224341734,11.200349982163,12.154273639478678,10.142058698546377,4.123133819473085,4.282605657874648,3.90265020380608
25,S,2.6486143237092343,4.742446705067653,2.6486163638975713,2.6486562842439207,2.648595841398395,4.784223308870429,5.610614607291597,4.359135449106325
25,T,0.2502902644604459,4.1696188702539745,0.19842892586589528,1.7607223787115367,-1.4591439141814084,4.164819435752067,4.248263459582856,4.088920790903465
25,V,-9.872620815450794,0.33309381081110867,-9.872590958641592,-9.872081163195485,-9.872615809142344,0.3311611346250297,0.3677098573462637,0.3038087687819044
24,I,-12.567534017337497,-0.2531041503454092,-12.56530040595981,-12.536563116669383,-12.567277679441979,-0.2521137136239513,-0.2287227361490627,-0.2715977606965425
24,L,-11.507349120919182,-0.031618138015306545,-11.506521979806493,-11.499555012640181,-11.507233137816593,-0.028365274232526067,-0.00899014111191765,-0.05739741335853911
24,N,-0.5657525010814907,0.6127453263381657,-0.5657524371128425,-0.565751851463521,-0.5657532573377982,0.6469210222366888,0.9496097527662497,0.22069940659791082
24,S,-9.87185179069726,0.32489734938108017,-9.869034438472058,-9.83367211257888,-9.871372522695781,0.3240547267319125,0.35184709790579277,0.29344746005230266
24,T,-0.9757091113235734,-0.2403913882003903,-0.9757090944692068,-0.9757086146270983,-0.9757099331317259,-0.22746560450914877,0.145035999402344,-0.873352480280258
24,V,-11.374513543995649,0.5902558846052927,-11.37554515331313,-11.374650302161399,-11.393884233234457,0.5944925074765459,0.6430038976477516,0.5368726500650414
24,Y,0.24014357425100097,0.05449826482432022,0.1939068084478659,0.5614278425318083,-0.04570774901098502,0.054938467669061984,0.07049751000474408,0.03343384967336575
23,E,-0.5058804806944184,0.2368625963507882,-0.4942237728278172,0.14746729167960332,-1.584601934373503,0.23822812118747155,0.2527245743638117,0.2193717130111333
23,G,9.807267323279733,3.1722919259272344,9.861638686249545,10.721494957155778,9.184144064037062,3.162755580614894,3.2560980882353476,3.0706230637539447
23,H,0.5989011294993432,2.089912416189289,0.5961395396805607,0.9320650298165941,0.5022489532607233,2.0923896791849237,2.15087989598189,2.046486208870453
23,N,2.797299010905075,1.0830628235416928,2.904471873268666,5.370640375975207,-1.0337523502453982,1.0807672316185184,1.1168276314474035,1.052373593472515
23,V,8.981801759657852,2.335705152865093,8.991584447536527,10.335810147696678,8.036127173054135,2.3329116625525437,2.3731052796974934,2.2884309056231324
23,Y,4.408381680763901,1.5776145594794178,4.249003237346379,5.494925215552181,-0.2556840746984156,1.5739085546266458,1.6126791723787632,1.5353542631619843
22,R,8.891877994614374,1.6181092325958153,8.897010627528832,9.41940242047741,8.432441523145416,1.6155189977468032,1.6433645945816506,1.5751036380828243
22,V,15.0,0.348623078217506,15.0,15.0,14.709879623477914,0.378856657002224,0.8951088158012328,-0.04030574192196626
21,W,5.068044195275295,1.2206118137125477,5.13808128721141,6.865833006735249,3.8159950645695377,1.2165342779230226,1.2489495986197257,1.1821079866540602
20,S,0.03545722738045326,-0.02654865781022419,0.04945675416802072,0.7144051501699683,-1.0001636580474855,-0.028819621898194012,-0.00683054671380264,-0.05043545709412752
19,H,0.2886281573841251,10.9812821060959,0.28862813509375485,0.28862898071147036,0.2886273404852807,10.975371830469076,11.144252864971381,10.796256059024126
19,I,1.4083342239024672,1.6825630894941015,1.7097724015222802,3.943495753038191,-0.9691047834582677,1.6790232873537687,1.7014007648940292,1.6592821437742842
19,L,-9.475798828234579,0.9577226807222522,-9.474846594561328,-9.462325324678732,-9.476338079969402,0.9559706982811991,0.9788627218648694,0.9401880535696904
19,S,5.716314991520469,4.286666581970807,5.7384295281660584,7.8877826990366735,3.889990584301956,4.292351655359909,4.3977119882138265,4.173034551550263
19,V,0.9828447959328928,2.5590490343620456,0.9828449085770823,0.982846184236419,0.9828434535338585,2.5710187803890925,2.712918095046692,2.411535105161015
19,Y,6.388231941749648,3.469882306460779,6.392393173061524,10.428744543406808,2.3652227227734124,3.4588488951535203,3.5485276732795397,3.3408160528258035
18,I,-0.42934688451652087,0.6665412626631935,-0.4293468136220313,-0.42934604305447427,-0.42934789824997477,0.6990852208166957,1.0475829486155142,0.2062109959746126
18,R,-4.429938878982327,0.47373231351451156,-4.42993887890194,-4.429938875238822,-4.429938883593539,0.47560651579157276,0.5660350338299748,0.3588319864075952
18,S,-11.340016729059442,0.4762666581559517,-11.33954582039863,-11.333982282145142,-11.339991638376809,0.47672544141882284,0.49381804978617927,0.4537627486287812
18,V,-9.429044977427493,0.8732720677059892,-9.429045462147243,-9.429028503826595,-9.429075629785691,0.8718610057138936,0.9048891429262064,0.8500684081924822
17,M,3.9110770240632933,1.3495746061052996,4.032446867242616,4.961079791884942,-2.1678524178690255,1.349177216515086,1.3737925557706603,1.3095062974811114
17,P,5.602518559853784,3.9944446580468624,5.521042871188262,8.083242115848956,-0.2645052239454841,3.9802979865281465,4.074419694497305,3.9096596704411124
17,Q,0.4588496478066224,4.577983437858445,0.320229081443663,2.6020705644486712,-1.9469146085402949,4.588833262347574,4.6727101827685855,4.485789758925209
17,R,-4.743354900363754,4.8379008731017965,-4.743560403674946,-4.735619867932691,-4.767282662246936,4.839228089595585,5.294195059415241,4.453786906367136
17,S,0.22077295166040803,4.418010995189893,0.22077277704625337,0.22078779540103105,0.22076843990324901,4.378572716913354,7.939265263790212,3.353995581808615
17,V,-2.1416686972981145,1.2742178561795594,-2.140248681612939,-1.9866146943694882,-2.151151609442645,1.2690487726481758,1.3369840209688961,1.2114278979671549
16,G,10.785448375443208,3.8595062640569195,10.094779531726068,11.752974117792496,6.4835740981962315,3.9003662023373353,4.089819324687263,3.6784341929731195
16,K,-5.0492339903997365,4.453324627837555,-5.049668110771673,-5.046290919212763,-5.0619397788858125,4.44474020490304,4.558626959578368,4.31456933000868
16,Q,-0.20148437622260706,1.9289779368003892,-0.20148438169056912,-0.20148381543574087,-0.20148501217306922,1.927070630484284,2.1324571281815046,1.700842248942209
16,V,0.8820430334213604,4.504778856877593,0.8884227031887988,5.93076611054921,-0.6135632380329934,4.49657837929888,4.603587107610708,4.389356441115309
15,L,0.4634039890327424,4.559285713509287,0.46340427308226273,0.46341881799690104,0.4633996342130997,4.611781060667693,7.313091937958982,3.771245612331974
15,R,6.913728715612393,2.851530584896051,6.797575906204459,8.392866051630197,3.853208641134882,2.8448462302759134,2.9054296984595362,2.813425177527356
15,S,0.002304828964569984,2.1192262542985976,0.002304823443357199,0.00230641989851361,0.002303314343178211,2.1163914629165275,2.5847481808938704,1.6768431220726194
15,V,-6.677185342798964,3.8311735948296795,-6.678005849941652,-6.677307792286577,-6.6859164912360844,3.8282498952285575,3.875808380953697,3.7753780795813427
14,E,-0.44576021068549004,0.04462809173618552,-0.4374447402675699,0.05665580830129856,-1.0151890013560176,0.044642337982411996,0.06817564588135662,0.016408212957821414
14,G,-8.194762522516479,0.7931624749282186,-8.194752461081581,-8.194411708959173,-8.194762694265963,0.7972840055851321,0.8281961233592384,0.7604414312778404
14,H,-5.1180044964018245,0.631821696698769,-5.11800449629091,-5.118004494532724,-5.118004498321143,0.6372323081360598,0.7246263307605314,0.5369245248220677
14,I,-0.3502723476686212,1.1592748482914517,-0.35027242089125254,-0.35027154138813943,-0.3502732454269855,1.1287517775964067,1.4956730351781047,0.7790381617451233
14,N,-8.926482956474787,0.5737598026132439,-8.926457079444443,-8.92618352936262,-8.926487495966489,0.5744976932878123,0.6159912297225093,0.53146816598222
14,V,2.5520922681311418,0.7758296007014384,2.65243267431044,3.4413983729980178,1.4094039467713317,0.7750471391277747,0.7930149353051191,0.7526435129375858
14,Y,-8.819781302272595,0.738899454702683,-8.81978132646244,-8.819768636829815,-8.819793535157432,0.7387866447158823,0.7739561565974592,0.7064248964792366
13,G,7.67490501472027,2.604318616024869,7.636009231886993,9.706909138653282,3.734341495638262,2.6009313730308428,2.6544364913980103,2.525799647183887
13,K,-4.086388952010676,3.784326632653593,-4.086403030023871,-4.086373090569451,-4.086578165081206,3.779868507480586,3.8716091614976915,3.695893640380078
13,Q,-1.9568041879875109,2.602709122408596,-1.9573097627692504,-1.9568976753956557,-1.9609595357578335,2.6006314248814197,2.677026833350182,2.528685853469077
13,V,0.2463571070232578,2.4600887787549794,0.26412679897152247,5.198724899498292,-2.0958505583384532,2.4581937127005693,2.50880457171306,2.4251898035981267
12,R,-8.761590075853105,1.2384072884889676,-8.76195701809986,-8.761649608759436,-8.76475184665394,1.2362021127842069,1.2715852889312906,1.1954166114677973
11,Q,-0.5180604001146959,0.7714376534092549,-0.5180604573361118,-0.5180596646344189,-0.5180614771158374,0.7431772397884943,1.1390204267977702,0.2428563677421124
11,R,-5.45745093342046,1.1876416802120484,-5.4575852311860515,-5.456611064461614,-5.461274605329347,1.1784740172704553,1.2554003893275425,1.121776618894837
11,S,-14.565984287210803,1.198958944813561,-14.566671916917066,-14.566079574742552,-14.57232697656581,1.1965283455448192,1.227699984765735,1.1611983652482956
11,T,-4.14634142246643,1.2746566130876509,-4.133965521114117,-3.9282454364806796,-4.152057288824313,1.2706879463275798,1.305313687531302,1.2310837282369123
10,E,-0.269148678892284,-0.2842788072491347,-0.29541699621760864,0.09486000746942806,-0.828763387732649,-0.28578949758060046,-0.2598786893566583,-0.3115176875423158
10,G,-9.679642530990082,0.8306128542081257,-9.679705763653836,-9.67952413052762,-9.682351780724607,0.8323756743465537,0.8660187993829148,0.7988255383365407
10,H,-3.075415268481834,1.4022832900866284,-3.075415269205263,-3.0754152549239286,-3.075415282146883,1.3979606681858603,1.489176574074046,1.3148552995471696
10,N,-9.696547266589816,0.33662243884928567,-9.696488864426431,-9.695457391067976,-9.696572924850063,0.33836152093328264,0.37194940134127247,0.3021896287420416
10,V,0.18035415674427413,0.11237141604489027,0.20843385877328469,1.0263130000259646,-0.4509549013185599,0.1129308877444235,0.13871936472580418,0.09162346081875569
10,Y,-8.59417096381023,0.4225668912994805,-8.59417115884829,-8.594170988548886,-8.594172803831798,0.41998732264795335,0.46957830070036616,0.38005715258796363
9,H,0.18613172244740187,4.612594379549038,0.18613248642664548,0.18614694846313634,0.18612780659960607,4.799288634668454,8.287410038943497,3.671353662099429
9,I,0.9164210419708156,4.783895436420769,1.056088103221367,3.013608281146344,-1.6414484359679407,4.781143404875817,4.926446569372372,4.662008981546874
9,L,0.6215775750079564,3.881555766474342,0.489735222704632,2.010165856281186,-0.5566145613542659,3.875113812840906,3.916344874905969,3.8390890246285987
9,P,0.5306819565167344,11.884335726212107,0.5306819797382563,0.5306827372464319,0.5306811692906178,11.888415898859872,12.020790982762797,11.758093597817743
9,S,1.3458013844788368,4.262384430252252,1.5856239126564011,5.0143589305872185,-1.1472571581178235,4.2653697235792105,4.353649484144048,4.209828634806209
9,T,1.5161192070906224,5.060101777804361,1.5161209309421089,1.5161384786054266,1.516110301803188,5.171818171284096,6.312461662279067,4.48286092008292
9,V,-3.1704202243905804,5.508684752753781,-3.1704039866248346,-3.1701983180853537,-3.170419311034641,5.528002963761585,5.810513589317055,5.217719559341174
9,Y,-9.454630251230716,4.059927425345306,-9.45569465347637,-9.453582392307922,-9.463865098741291,4.057127775269564,4.122869207935532,3.994237479008373
8,E,-1.6521244875866838,1.0498291489065599,-1.6024594480995025,0.004955625273724586,-4.946768460689627,1.0480948258320077,1.0736372566237402,1.0246755186733785
8,G,-11.718160643475104,1.4181988279013098,-11.718682157602913,-11.717242471611861,-11.728154502732034,1.4172034799664597,1.4411888622847668,1.3921090323310268
8,H,-4.578173464153839,0.7276774506883135,-4.578173471541316,-4.578164305488743,-4.578179902911173,0.7262535681237295,0.7985062532901431,0.6361201712789097
8,N,-7.997517201034252,0.19916702549341958,-7.989473553282155,-7.911807105161387,-8.001750747339944,0.19982411486186097,0.2397027126289458,0.16116262860473657
8,V,11.735308141149966,3.090292753113805,11.737765987566078,12.381261393957738,11.173867096031751,3.0905826848266873,3.23545250862816,2.9614223961260366
8,Y,-5.117043381457374,2.5684464681274086,-5.11767586180934,-5.1167595936109125,-5.132873426969012,2.568317423599872,2.6180252791923477,2.5198268962882935
7,I,6.651390356489561,4.513729443502224,6.567953916261546,7.748145259246274,5.498699984860727,4.516786734337156,4.5941996533158544,4.427784461874831
7,L,-0.05838131448519359,3.9765972244909706,-0.08761447652638957,1.1409178655845085,-1.9571444390143382,3.978903936041374,4.024045082822519,3.9235550618426562
7,S,-10.931014839637129,3.6549871602458355,-10.93164072725879,-10.930582190030982,-10.953247136381396,3.650470642383094,3.72686472190541,3.579214230695643
7,V,4.528307841035617,4.558896096717245,4.538410834594112,4.7535431069564815,4.427189604117916,4.536639037989831,4.848222907548395,4.325890384112913
7,Y,-0.6685827674531378,0.049114975042082086,-0.6655791822678094,-0.05639010486645157,-1.502059104751846,0.05002982310825897,0.0731149480539847,0.03141265212659182
6,P,6.881838742544468,3.7051137668200873,7.050136663908444,8.681038640590975,2.5556586029814725,3.70822892738679,3.8231655345694637,3.597770629490787
6,R,-3.6920658532108086,0.8783659001907248,-3.692053968577121,-3.6918949016361244,-3.6920759761133692,0.87059295710584,0.9576401782394086,0.7830820064019068
6,V,-2.4176130026474865,0.5022849962112532,-2.4176130004332252,-2.417612952619891,-2.417613058687029,0.5095997750295779,0.6679657779663414,0.32113175629822166
5,D,9.462067418895712,3.2559223337830976,9.547713287896572,10.87511225452695,6.953874568509402,3.2514917730960997,3.3675963445515285,3.0959726370402465
5,E,-1.027193572450084,0.037153181653198225,-1.0271935177722489,-1.0271931241637724,-1.027194101797093,0.08252950168261769,0.40448103793056894,-0.400468761039617
5,G,-5.1087368500146715,0.6510133661137866,-5.108736670636301,-5.1087288422597945,-5.108744248050434,0.65671368467108,0.7349100547353019,0.5656953993256101
5,P,1.335372257292245,3.4768563930739056,1.3355719366096244,1.3430017337648494,1.32603694684835,3.4986389917510214,3.6120895780574576,3.3933202435463894
5,S,-8.232632104389957,1.1711828218664548,-8.232540475949016,-8.229637869761444,-8.233930704899437,1.1703527770144035,1.2047498469462736,1.1381304080028578
5,T,1.2266266771385321,2.506668308594231,1.1741502473782148,2.8352805941237897,0.037752445270879696,2.505615702087325,2.537084774539777,2.4774640830267827
5,V,-5.6726567193789785,4.178189970765596,-5.672782892760095,-5.663035270018117,-5.681041909135182,4.171123492353048,4.271742285615361,4.07986823595935
4,R,0.14701863359656167,-0.03860526387708371,0.21335895158625856,0.8126904384936383,-0.6139008462865204,-0.037222830532895705,-0.015037687539959715,-0.06170722233732411
4,T,-0.4547390300638595,0.6024458152374849,-0.4547390928878493,-0.454738143807146,-0.4547402561216499,0.5735473082651426,1.0111672720124296,0.03402712609178164
1,V,-0.7712779317702928,0.0018772947568153472,-0.7712778575055036,-0.7712772458533189,-0.7712789247987574,0.049153265741194954,0.43949829523422856,-0.6315539276172749
