pos,aa,efi,ebi
0, ,-12.591585106666495,-0.002333624002425789
1,A,-11.327841455801847,0.18320853912912055
1,I,0.06344905226553134,0.1286867967587076
1,K,-8.499185295442928,-0.07463963772087782
1,L,-0.621313595720144,0.3118439564979953
1,M,-0.9432793081925728,0.18841733605755348
1,P,-10.179943148078568,-0.15134197509107175
1,R,-8.787260989748987,0.7556803854172162
1,S,0.0033749672432372957,-0.012179521565611182
2,C,-9.937696822398784,-0.30168097777762143
2,D,-3.3073912539959753,0.6094313038694452
2,F,-10.196346561127337,0.1339501654971886
2,H,4.350040204975696,-0.06592746120269259
2,I,-1.4031079140354514,0.2563159118772901
2,N,3.7465995119199826,0.3335945669636097
2,S,-3.95592206409557,0.17239736588276094
3,A,-9.679688787627514,0.30341463244226397
3,D,1.8863809628823356,4.754008617633523
3,F,-7.862018494069161,0.39250422969216575
3,G,9.61914738381066,2.004467054317277
3,I,0.1465360745277263,2.2025111153452333
3,L,-1.7234715626934898,1.563925006344636
3,N,0.12653957005400854,3.1138286919537896
4,E,-8.500367675123242,-0.43169506775204536
4,H,-8.990973501925053,0.648524684034615
4,K,-8.978802805323786,0.1637731699844871
4,L,0.9732238188225797,0.9409198145511393
4,M,0.5510618024817766,2.740940520081254
4,P,-0.4902885685101198,4.305289644884336
6,F,6.539417004436685,1.8323532324006595
6,H,0.5662450965301435,1.6773021247555935
6,I,-0.08214931284345005,0.51356805724869
7,C,2.3841121679858133,3.5859395396740616
8,A,-3.054012724564391,1.0257828504770412
8,C,-0.8533675147007852,1.2401200663533054
9,C,2.4870348341458954,5.064677147469035
10,A,-7.71876026800704,0.12899422010116393
11,A,-7.66250511548726,0.2129471763231066
11,H,-9.231955428891595,1.6429929140653994
11,L,9.281578221939268,2.1778259144078898
12,E,-7.72456909830969,-0.9642429265805676
12,H,-0.008505809473567078,1.109304367368956
12,K,-9.91535616239328,0.13913251332364138
12,L,-12.130928384683218,-0.2902586456946128
12,P,15.0,1.0971493082936
13,A,1.1621930024211562,2.6871412015089726
13,D,0.3590428457227521,1.2582469675078782
14,A,-3.7234456344910645,0.6704101382846543
15,A,8.79590132563996,2.1183513601992767
15,E,5.8282898263733145,0.7864643907340143
16,A,9.166631132912965,4.335294046024587
16,D,-7.1570922630352385,3.9891253837433305
18,A,14.825173638911615,-1.6595298240279655
18,C,2.7595862285983577,0.6821792410970461
18,D,3.685033956902721,0.7318063124523323
19,C,1.520552105690884,3.993064219681718
20,C,-9.842147173892911,0.18978948180891522
20,G,-6.003239840270765,0.48307787103676136
20,H,1.6096441339121317,-0.13186134237832414
20,L,-8.415170942999445,0.23425012628736924
20,P,4.258611585108578,4.545283958736528
20,Q,-0.7639788335249902,-0.15594058748800355
21,G,-3.984155561628372,0.945297927829528
21,H,-0.9443763012889557,0.34736314276075686
21,K,-0.9376845248143537,-0.4048068798684702
21,L,4.8831466405305335,0.6351278521903899
21,M,-0.6754582045955896,0.14991907518101358
21,P,13.059455137657695,1.5530364601206101
21,Q,-0.03221622370207687,0.07590571613561736
22,A,-2.642568728359354,0.819375971604843
22,C,-0.2169991308104037,1.3173817721896635
22,E,7.6155697673026,1.620164008039483
23,A,8.182789952655932,0.9086704142327541
24,C,-8.130969519760193,0.13040259601636173
25,F,4.116386872005514,3.55640758938285
26,D,-7.575642034512821,-0.47034266074303693
27,A,-8.642916189531562,2.894210348522693
27,D,1.663053874826115,4.269159491604179
27,F,3.033981697671273,2.9636878099456725
27,G,15.0,2.6442875780335764
27,I,0.9894722992586023,0.3121544176787875
27,L,-8.671648394892497,0.33168515051251624
28,I,-15.0,0.329975216190108
28,K,-11.462216609655263,0.3610082071204456
28,L,-13.270232505804927,-0.04516683575880811
29,A,-1.9981295698850805,1.7774463092517232
30,D,-9.393808643787647,0.08744730683217461
30,H,-4.767790176181066,0.19010654359203716
30,I,6.443532291264744,0.9554734041524504
30,K,2.2558310289897583,0.35707942924545877
31,A,-6.02231392150177,0.46059505238516774
31,I,-0.6659758243089698,1.0520950990267535
31,L,4.997338226240015,0.8032918015321769
31,P,-7.399216308408125,3.3018709255687084
32,A,2.15380359945939,3.636968289881223
33,A,-10.422435437428202,0.08114569555005278
33,H,4.779121662997287,0.4853016164572191
33,I,-0.5698019114773674,0.6130424844013744
33,L,0.9853426539465346,0.33998864726570227
33,N,-0.5417509004422697,0.5236787923604915
34,D,6.5589545319477915,-0.06599793716771424
34,H,-6.866374646932743,-0.20023316043390835
34,I,-9.73924662528013,1.706778615429746
34,K,-7.950764955814424,3.047455339349759
35,C,12.059866344403256,3.8836533849349166
35,G,2.856817786668726,5.163939081442102
35,K,0.2203349130833085,6.435245757146542
35,L,-10.886208734226864,3.7717472375373804
35,M,0.4602282860100981,14.072881192969811
35,R,12.050222431433776,3.9219211825759146
35,S,-4.905336450111138,3.8615341254020854
36,C,-10.699957231533114,2.1814820368327346
36,G,9.379897249893817,2.9136260143408217
36,L,3.785187284678053,1.5956250574824087
36,M,-0.03992152913895142,1.922119937115524
36,R,-0.003041659556410837,4.797558663751335
36,S,-4.360958372648306,2.8737767241592507
37,E,1.9136977426673254,-1.2488684555729799
37,I,0.2625139824203974,-0.7075651363061176
38,A,-0.01587108746391837,2.0932519745825657
38,C,0.2936285838598965,4.381160781489209
38,E,12.746366282245058,2.833983526661609
41,D,-5.969949408316869,0.08701177591544389
42,A,-4.773833944716211,1.2924176453365448
42,E,-10.085664373105805,0.46170114596293604
43,E,-7.681602932645423,-0.29612484691665086
43,H,-13.378433784969424,0.09599995599862339
43,K,-10.661621178487792,0.7335306720336904
43,L,-10.760603557154262,0.12730080715129286
43,P,3.0102644070834272,3.7368878901196747
44,A,-8.897285108038178,0.6791029907438659
44,I,0.3877493058132974,0.15393725879231218
44,K,-1.3522591747386703,-0.39687090003146347
44,N,-8.394529368649552,0.17284710440160111
44,P,15.0,-0.242132905834089
44,S,-12.384292841357201,-0.033113351320965434
45,A,-1.3677152645130832,3.4955390058545497
45,C,-9.672734959889103,4.153231041812311
45,D,-0.8111798011195049,4.459926129488006
45,F,0.5629999762523588,4.851277470592584
46,I,1.5978675472254307,0.3835392227826056
46,K,11.08883921309043,3.6438061040201175
46,L,1.546315560250384,-0.8603856419985713
47,C,15.0,2.7864652190872063
48,A,0.9051367953538454,2.4369596274865057
48,H,1.7383127747257958,3.73845828625967
48,L,5.396821539582963,3.87089046977119
49,C,4.296012614954735,-0.5609499953615104
49,F,-0.6755778448435835,0.10733773986116509
49,G,-5.92343506305112,-0.07749687917310086
49,H,4.572670949798239,0.5005473323771404
49,L,-10.123911580381774,0.25019466735038337
49,N,-1.690959392334854,-0.3901544223126777
49,P,-2.179737429913952,2.3447198828941795
50,C,-0.18788922185348797,1.3774676817306097
50,D,-10.842306946063834,0.18918404399452715
50,F,-0.04475953156887862,1.9631035116058688
50,H,-3.8649261586057357,0.869359059270835
50,I,0.8852675945081114,1.9114020029845558
50,K,1.3517692163402977,2.054260135524732
51,C,9.120722833521423,3.756157109714583
51,D,1.9141956332329508,4.572185001792923
51,F,-0.03574484871169301,0.9142114328979831
51,H,1.946926225775391,-0.5564528867690777
51,I,1.0430788192840375,5.574912462023901
51,L,0.24614177575929885,4.109881984618643
51,N,10.688096901112065,4.880047718493042
51,S,1.225215995169778,4.7296356773713235
52,A,-10.395927949904594,0.7624482871769764
52,D,-11.505889350688266,5.018516344245755
52,E,0.2681084300061101,14.302221032225402
52,F,9.561944260032258,2.937632270405837
52,G,0.06251630673066748,2.119113783783522
52,I,1.3999281616749426,0.5246135051036065
52,L,-5.038821183502695,3.04562218233598
53,A,11.76241002121711,-0.4757334854923026
53,I,6.028654330231856,0.81512323291106
53,N,-6.801784059081251,0.26395389203241904
53,P,15.0,1.9687891048236128
53,S,-11.15474049158966,0.15339979622036115
54,A,-4.8092631360947085,0.34956514307234493
54,H,-11.374101556652146,-0.02490305849489963
54,L,2.2932158303676653,0.05378261130259681
54,N,-0.5048718386374009,0.51259658192585
55,A,0.5896529974938339,0.9420963857449415
55,E,0.3832621554636252,0.3726663632210757
55,G,-4.726456972485721,0.7984492101884771
55,L,-10.285153851175528,0.23336496379537638
55,M,-10.247683590396354,0.2961454245805623
55,P,-0.5432214062026044,0.6503983189042435
55,S,-0.6432579219933566,0.3104941394802915
55,T,-2.6932188557213745,0.29938618439317355
56,D,-10.367944894112146,0.07650974499491388
56,F,-0.7333529393352848,0.36708972535188217
56,H,-6.138921047086514,0.36122495312865444
56,I,0.872012251659991,0.4270099444855406
56,K,-11.143543577768876,0.28806497177041457
57,E,0.9358013104165135,2.599538169769993
57,I,0.6532206200827727,6.461346685876093
57,K,-8.104304664523667,3.218214316227298
57,L,3.341916562041303,4.67025921924508
57,N,0.13605286450609116,3.120763377450175
57,Q,-7.0880587336552665,2.7992557120820054
57,R,0.14723658551655916,3.4238075001093984
57,S,9.171821303520643,2.9746959419610683
57,Y,5.829245382279361,4.917148184406183
56,S,-9.506110619531826,0.4275725847143417
56,T,-7.103459965439205,-0.0021739048616971233
56,Y,0.5764524767582152,0.2539451590400792
54,Q,-1.2351912948854733,-0.21401123158824667
54,R,-5.295956411956578,0.2582868091531178
54,S,-9.046725983649262,0.16977030444566704
54,T,10.37277277218141,-0.029710609918465723
52,Y,0.23447284318748712,4.523882380782017
50,S,-10.739293200837174,0.3989841251536085
50,T,-7.402888880995001,0.46381668704528284
50,Y,0.6440612412020494,1.7987291166455892
49,S,-11.811870891002306,-1.0275561786712957
49,Y,-0.659570785819429,0.17305068840616794
48,Q,-1.0171088088256355,0.2963046225306098
48,R,-7.16688419118657,3.228773937735215
48,S,8.703078322135376,3.0958393029640887
48,T,3.9406446086557483,3.4775581957826707
47,I,4.603903064264461,1.8380464901598395
47,L,6.388006903301723,1.843629537549475
47,S,11.478640693933787,3.7529093339880393
47,V,5.448259720742062,2.814106771421164
47,Y,5.353406788644473,2.195919362098014
46,R,2.8325208785361515,4.150094117679821
46,T,0.5044388006070062,0.48097581840413056
46,V,-0.36512427346002685,0.38276664704541324
45,H,0.5445813918193639,15.0
45,I,0.23634412856125558,11.615638306602058
45,N,0.2797245903982868,5.744277149463994
45,R,3.018011618500707,3.855653529195674
45,S,-6.0503258158951905,4.142306685341152
45,V,5.418269869566107,3.164497248664462
45,Y,0.40061665943336,4.213202958462514
43,R,-10.920032181085196,0.3478603477914242
42,L,-0.37310132234421683,1.4973211120939518
42,M,-0.6128012023567895,1.0408244630726826
42,R,-6.902135214910443,1.109582249399678
42,V,13.163695687602834,1.5456725305500671
42,W,6.657640597634554,1.5532605217745372
41,I,-0.04559346778579372,1.9419530125718665
41,L,8.301481737341746,0.6760515268597056
41,N,-9.170342200465841,-0.17265301443466108
41,P,2.341641386841166,3.2319696932243076
41,Q,-10.666923097387611,0.20560865722765467
41,R,-9.320477521639901,0.6206011865650405
41,Y,1.8317894281287357,0.4651869517674007
40,F,9.223877780041914,0.7750523366853862
40,G,-0.6406807621318684,1.9243215685815511
40,H,-2.0890906351663943,0.36690254243209625
40,N,-0.5613258532797135,0.6861954328323755
40,R,-0.4969306388775194,0.5816983904819312
40,S,1.6502861751874909,0.37994437692905014
40,W,12.782292699678253,1.5235947497486808
40,Y,6.944930606572694,1.1896098977624188
39,D,-11.610335492070964,0.06603215391728154
39,G,-11.352574263813167,-0.06629047681387108
39,P,-10.215663983267012,4.200206044389558
39,S,-10.341918364738742,0.07089319144676165
39,T,-10.480351696943679,0.4219045157612881
39,V,1.5292852376863713,0.3889419709469489
38,L,0.3558720063473428,5.217616569940745
38,R,11.356894107865013,4.106573810195888
38,V,-0.9164298633011582,2.53666706625415
37,L,-0.7484820333504337,-0.13456389804738436
37,N,-10.981011422334499,-0.135013138355061
37,Q,-7.98360132014605,-0.6990680937509347
37,R,-10.61686448366271,0.19357927855443943
37,T,-12.561123595938563,-1.7453608510846863
37,Y,-1.0112682584480737,-0.02901244194878733
36,Y,-0.08757663866978628,1.8106120471202973
35,Y,0.30646143294995043,9.24717926830994
34,S,2.2050387909890654,1.5518714393095947
34,T,-1.862495170312691,1.7335509427747602
34,Y,-1.0850636784232377,0.661360211837112
33,R,2.49912148205017,0.41705056710396715
33,S,-11.162442145022531,0.4898743316103242
33,T,2.794089707731409,0.6721509942627659
33,Y,-0.8003610085967667,0.7211630842567639
32,E,15.0,0.2156547108916657
32,F,0.2453387142176304,14.277098195853084
32,G,9.887183240509147,3.171874762632616
32,H,-2.896217778920884,1.2358130344986942
32,N,4.605175657434001,0.6442003561143474
32,V,-7.6634243485248215,4.031062652184214
32,Y,12.243894153044316,2.4597049945368807
31,T,0.67069560576178,0.0454092160781527
30,S,-8.327397169581412,-0.030241882544256676
30,T,-6.743955049564928,0.6367658496856105
30,Y,8.205789530781404,0.3583715042785869
29,E,-10.085603218022065,0.3372143512977406
29,F,0.010274755658436191,2.1546162096889114
29,G,-5.876234487502969,1.8465663521307056
29,H,-2.7687066905101636,1.671068695978347
29,N,-6.27544939793959,0.897041278989042
29,V,4.934733561067733,1.700716487847889
29,Y,-6.989724498885374,2.2787329613484273
28,N,-2.0715304554136518,0.07921049574421676
28,R,-3.8811090594059072,0.40157133231201386
28,T,0.17859219870705018,-0.4477673682039171
28,V,0.8430660534545003,-0.06149314151274722
26,I,-0.921525341025741,0.11119226281799083
26,L,-12.9160788687519,-0.15922619619486053
26,N,-11.252114497535674,0.0926871130071785
26,P,3.7951926905464908,3.3554311927948364
26,Q,-11.966423384934492,-0.029814977223701897
26,R,-9.088845805839156,-0.007124389264394233
26,Y,-10.151326668219218,0.03706318492333439
25,L,-2.8215433430199455,1.0222040752217405
25,M,12.266273654146724,2.669361227050562
25,N,11.281027530602083,4.108274224341734
25,S,2.6486143237092343,4.742446705067653
25,T,0.2502902644604459,4.1696188702539745
25,V,-9.872620815450794,0.33309381081110867
24,I,-12.567534017337497,-0.2531041503454092
24,L,-11.507349120919182,-0.031618138015306545
24,N,-0.5657525010814907,0.6127453263381657
24,S,-9.87185179069726,0.32489734938108017
24,T,-0.9757091113235734,-0.2403913882003903
24,V,-11.374513543995649,0.5902558846052927
24,Y,0.24014357425100097,0.05449826482432022
23,E,-0.5058804806944184,0.2368625963507882
23,G,9.807267323279733,3.1722919259272344
23,H,0.5989011294993432,2.089912416189289
23,N,2.797299010905075,1.0830628235416928
23,V,8.981801759657852,2.335705152865093
23,Y,4.408381680763901,1.5776145594794178
22,R,8.891877994614374,1.6181092325958153
22,V,15.0,0.348623078217506
21,W,5.068044195275295,1.2206118137125477
20,S,0.03545722738045326,-0.02654865781022419
19,H,0.2886281573841251,10.9812821060959
19,I,1.4083342239024672,1.6825630894941015
19,L,-9.475798828234579,0.9577226807222522
19,S,5.716314991520469,4.286666581970807
19,V,0.9828447959328928,2.5590490343620456
19,Y,6.388231941749648,3.469882306460779
18,I,-0.42934688451652087,0.6665412626631935
18,R,-4.429938878982327,0.47373231351451156
18,S,-11.340016729059442,0.4762666581559517
18,V,-9.429044977427493,0.8732720677059892
17,M,3.9110770240632933,1.3495746061052996
17,P,5.602518559853784,3.9944446580468624
17,Q,0.4588496478066224,4.577983437858445
17,R,-4.743354900363754,4.8379008731017965
17,S,0.22077295166040803,4.418010995189893
17,V,-2.1416686972981145,1.2742178561795594
16,G,10.785448375443208,3.8595062640569195
16,K,-5.0492339903997365,4.453324627837555
16,Q,-0.20148437622260706,1.9289779368003892
16,V,0.8820430334213604,4.504778856877593
15,L,0.4634039890327424,4.559285713509287
15,R,6.913728715612393,2.851530584896051
15,S,0.002304828964569984,2.1192262542985976
15,V,-6.677185342798964,3.8311735948296795
14,E,-0.44576021068549004,0.04462809173618552
14,G,-8.194762522516479,0.7931624749282186
14,H,-5.1180044964018245,0.631821696698769
14,I,-0.3502723476686212,1.1592748482914517
14,N,-8.926482956474787,0.5737598026132439
14,V,2.5520922681311418,0.7758296007014384
14,Y,-8.819781302272595,0.738899454702683
13,G,7.67490501472027,2.604318616024869
13,K,-4.086388952010676,3.784326632653593
13,Q,-1.9568041879875109,2.602709122408596
13,V,0.2463571070232578,2.4600887787549794
12,R,-8.761590075853105,1.2384072884889676
11,Q,-0.5180604001146959,0.7714376534092549
11,R,-5.45745093342046,1.1876416802120484
11,S,-14.565984287210803,1.198958944813561
11,T,-4.14634142246643,1.2746566130876509
10,E,-0.269148678892284,-0.2842788072491347
10,G,-9.679642530990082,0.8306128542081257
10,H,-3.075415268481834,1.4022832900866284
10,N,-9.696547266589816,0.33662243884928567
10,V,0.18035415674427413,0.11237141604489027
10,Y,-8.59417096381023,0.4225668912994805
9,H,0.18613172244740187,4.612594379549038
9,I,0.9164210419708156,4.783895436420769
9,L,0.6215775750079564,3.881555766474342
9,P,0.5306819565167344,11.884335726212107
9,S,1.3458013844788368,4.262384430252252
9,T,1.5161192070906224,5.060101777804361
9,V,-3.1704202243905804,5.508684752753781
9,Y,-9.454630251230716,4.059927425345306
8,E,-1.6521244875866838,1.0498291489065599
8,G,-11.718160643475104,1.4181988279013098
8,H,-4.578173464153839,0.7276774506883135
8,N,-7.997517201034252,0.19916702549341958
8,V,11.735308141149966,3.090292753113805
8,Y,-5.117043381457374,2.5684464681274086
7,I,6.651390356489561,4.513729443502224
7,L,-0.05838131448519359,3.9765972244909706
7,S,-10.931014839637129,3.6549871602458355
7,V,4.528307841035617,4.558896096717245
7,Y,-0.6685827674531378,0.049114975042082086
6,P,6.881838742544468,3.7051137668200873
6,R,-3.6920658532108086,0.8783659001907248
6,V,-2.4176130026474865,0.5022849962112532
5,D,9.462067418895712,3.2559223337830976
5,E,-1.027193572450084,0.037153181653198225
5,G,-5.1087368500146715,0.6510133661137866
5,P,1.335372257292245,3.4768563930739056
5,S,-8.232632104389957,1.1711828218664548
5,T,1.2266266771385321,2.506668308594231
5,V,-5.6726567193789785,4.178189970765596
4,R,0.14701863359656167,-0.03860526387708371
4,T,-0.4547390300638595,0.6024458152374849
1,V,-0.7712779317702928,0.0018772947568153472
